,,,RES SUPER LEAGUE,,,,,,,RES SUPER LEAGUE,,,,,,,RES SUPER LEAGUE,,,,,,,RES SUPER LEAGUE,,,,,,,RES SUPER LEAGUE,,,,,,,RES SUPER LEAGUE,,,,,,,RES SUPER LEAGUE,,,,,,,,,,RES SUPER LEAGUE,,,,,,,,,RES SUPER LEAGUE,,,
,,,APPEARANCES,,,MD1,,,,GOALS,,,MD1,,,,ASSISTS,,,MD1,,,,CLEANSHEETS - [DEF],,,MD1,,,,CLEANSHEETS - [GK],,,MD1,,,,MOTM COUNT,,,MD1,,,,MENTIONS COUNT,,,,,,MD1,,,,CARD COUNT,,,,MD1,,,,TEAM OF THE WEEK COUNT,,,,MD1
,RANK,PLAYER,,TEAM,,APPS,,RANK,PLAYER,,TEAM,,GOALS,,RANK,PLAYER,,TEAM,,ASSISTS,,RANK,PLAYER,,TEAM,,CS,,RANK,PLAYER,,TEAM,,CS,,RANK,PLAYER,,TEAM,,MOTM's,,RANK,PLAYER,,TEAM,,TOTAL,1ST,2ND,3RD,,RANK,PLAYER,,TEAM,,TOTAL,YC,RC,,RANK,,PLAYER,TEAM,,TOTAL
,1,,tonidegea,,Bloxalona United,1,,1,,663rn,,Bloxalona United,3,,1,,eIultimo10,,Bloxalona United,2,,1,,frieztaa,,Momoyama Predators,1,,1,,Hernande_39,,Momoyama Predators,1,,1,,663rn,,Bloxalona United,1,,1,,Behrazy,,Leon FC,1,1,0,0,,1,,gl_bex,,Majesty United,1,1,0,,1,,,,,
,2,,Lazare67,,Bloxalona United,1,,2,,Jack924833,,Momoyama Predators,2,,2,,Maluzur,,Momoyama Predators,2,,2,,Lazare67,,Bloxalona United,1,,2,,tonidegea,,Bloxalona United,1,,2,,eepyfelinor,,Leon FC,1,,2,,Jack924833,,Momoyama Predators,1,1,0,0,,2,,,,,0,,,,2,,,,,
,3,,wacheeinn,,Bloxalona United,1,,3,,Maluzur,,Momoyama Predators,2,,3,,eepyfelinor,,Leon FC,1,,3,,moshu_q,,Momoyama Predators,1,,3,,,,,,,3,,Maluzur,,Momoyama Predators,1,,3,,kapaquinones,,Bloxalona United,1,1,0,0,,3,,,,,0,,,,3,,,,,
,4,,kapaquinones,,Bloxalona United,1,,4,,Behrazy,,Leon FC,1,,4,,kapaquinones,,Bloxalona United,1,,4,,wacheeinn,,Bloxalona United,1,,4,,,,,,,4,,,,,,,4,,eIultimo10,,Bloxalona United,1,0,1,0,,4,,,,,0,,,,4,,,,,
,5,,eIultimo10,,Bloxalona United,1,,5,,eepyfelinor,,Leon FC,1,,5,,Lazare67,,Bloxalona United,1,,5,,,,,,,5,,,,,,,5,,,,,,,5,,frieztaa,,Momoyama Predators,1,0,1,0,,5,,,,,0,,,,5,,,,,
,6,,663rn,,Bloxalona United,1,,6,,frieztaa,,Momoyama Predators,1,,6,,SuIeex,,Spartans United,1,,6,,,,,,,6,,,,,,,6,,,,,,,6,,talk2themoney,,Leon FC,1,0,1,0,,6,,,,,0,,,,6,,,,,
,7,,luisblox040909,,Bloxalona United,1,,7,,kapaquinones,,Bloxalona United,1,,7,,talk2themoney,,Leon FC,1,,7,,,,,,,7,,,,,,,7,,,,,,,7,,Lazare67,,Bloxalona United,1,0,0,1,,7,,,,,0,,,,7,,,,,
,8,,drowsyfelinor,,Petropolis Lions,1,,8,,shadbuckuu,,Spartans United,1,,8,,,,,,,8,,,,,,,8,,,,,,,8,,,,,,,8,,Odninvsor,,Majesty United,1,0,0,1,,8,,,,,0,,,,8,,,,,
,9,,ju6un,,Petropolis Lions,1,,9,,,,,,,9,,,,,,,9,,,,,,,9,,,,,,,9,,,,,,,9,,shadbuckuu,,Spartans United,1,0,0,1,,9,,,,,0,,,,9,,,,,
,10,,ramonterrier,,Petropolis Lions,1,,10,,,,,,,10,,,,,,,10,,,,,,,10,,,,,,,10,,,,,,,10,,,,,0,,,,,10,,,,,0,,,,10,,,,,
,11,,nyuutella,,Petropolis Lions,1,,11,,,,,,,11,,,,,,,11,,,,,,,11,,,,,,,11,,,,,,,11,,,,,0,,,,,11,,,,,0,,,,11,,,,,
,12,,Tonhojbss,,Petropolis Lions,1,,12,,,,,,,12,,,,,,,12,,,,,,,12,,,,,,,12,,,,,,,12,,,,,0,,,,,12,,,,,0,,,,12,,,,,
,13,,Syqxnzl,,Petropolis Lions,1,,13,,,,,,,13,,,,,,,13,,,,,,,13,,,,,,,13,,,,,,,13,,,,,0,,,,,13,,,,,0,,,,13,,,,,
,14,,irineudosparanaue,,Petropolis Lions,1,,14,,,,,,,14,,,,,,,14,,,,,,,14,,,,,,,14,,,,,,,14,,,,,0,,,,,14,,,,,0,,,,14,,,,,
,15,,Hernande_39,,Momoyama Predators,1,,15,,,,,,,15,,,,,,,15,,,,,,,15,,,,,,,15,,,,,,,15,,,,,0,,,,,15,,,,,0,,,,15,,,,,
,16,,frieztaa,,Momoyama Predators,1,,16,,,,,,,16,,,,,,,16,,,,,,,16,,,,,,,16,,,,,,,16,,,,,0,,,,,16,,,,,0,,,,16,,,,,
,17,,moshu_q,,Momoyama Predators,1,,17,,,,,,,17,,,,,,,17,,,,,,,17,,,,,,,17,,,,,,,17,,,,,0,,,,,17,,,,,0,,,,17,,,,,
,18,,havaIiyim,,Momoyama Predators,1,,18,,,,,,,18,,,,,,,18,,,,,,,18,,,,,,,18,,,,,,,18,,,,,0,,,,,18,,,,,0,,,,18,,,,,
,19,,Maluzur,,Momoyama Predators,1,,19,,,,,,,19,,,,,,,19,,,,,,,19,,,,,,,19,,,,,,,19,,,,,0,,,,,19,,,,,0,,,,19,,,,,
,20,,Jack924833,,Momoyama Predators,1,,20,,,,,,,20,,,,,,,20,,,,,,,20,,,,,,,20,,,,,,,20,,,,,0,,,,,20,,,,,0,,,,20,,,,,
,21,,KemaIAhmet,,Momoyama Predators,1,,21,,,,,,,21,,,,,,,21,,,,,,,21,,,,,,,21,,,,,,,21,,,,,0,,,,,21,,,,,0,,,,21,,,,,
,22,,Jakethepro1234587,,Majesty United,1,,22,,,,,,,22,,,,,,,22,,,,,,,22,,,,,,,22,,,,,,,22,,,,,0,,,,,22,,,,,0,,,,22,,,,,
,23,,gl_bex,,Majesty United,1,,23,,,,,,,23,,,,,,,23,,,,,,,23,,,,,,,23,,,,,,,23,,,,,0,,,,,23,,,,,0,,,,23,,,,,
,24,,bxleronheim,,Majesty United,1,,24,,,,,,,24,,,,,,,24,,,,,,,24,,,,,,,24,,,,,,,24,,,,,0,,,,,24,,,,,0,,,,24,,,,,
,25,,H44dia,,Majesty United,1,,25,,,,,,,25,,,,,,,25,,,,,,,25,,,,,,,25,,,,,,,25,,,,,0,,,,,25,,,,,0,,,,25,,,,,
,26,,timohabelka6077,,Majesty United,1,,26,,,,,,,26,,,,,,,26,,,,,,,26,,,,,,,26,,,,,,,26,,,,,0,,,,,26,,,,,0,,,,26,,,,,
,27,,Odninvsor,,Majesty United,1,,27,,,,,,,27,,,,,,,27,,,,,,,27,,,,,,,27,,,,,,,27,,,,,0,,,,,27,,,,,0,,,,27,,,,,
,28,,foreverneyjr,,Leon FC,1,,28,,,,,,,28,,,,,,,28,,,,,,,28,,,,,,,28,,,,,,,28,,,,,0,,,,,28,,,,,0,,,,28,,,,,
,29,,aibarsebas,,Leon FC,1,,29,,,,,,,29,,,,,,,29,,,,,,,29,,,,,,,29,,,,,,,29,,,,,0,,,,,29,,,,,0,,,,29,,,,,
,30,,talk2themoney,,Leon FC,1,,30,,,,,,,30,,,,,,,30,,,,,,,30,,,,,,,30,,,,,,,30,,,,,0,,,,,30,,,,,0,,,,30,,,,,
,31,,Iisandroo,,Leon FC,1,,31,,,,,,,31,,,,,,,31,,,,,,,31,,,,,,,31,,,,,,,31,,,,,0,,,,,31,,,,,0,,,,31,,,,,
,32,,svenzio,,Leon FC,1,,32,,,,,,,32,,,,,,,32,,,,,,,32,,,,,,,32,,,,,,,32,,,,,0,,,,,32,,,,,0,,,,32,,,,,
,33,,Behrazy,,Leon FC,1,,33,,,,,,,33,,,,,,,33,,,,,,,33,,,,,,,33,,,,,,,33,,,,,0,,,,,33,,,,,0,,,,33,,,,,
,34,,niovc,,Spartans United,1,,34,,,,,,,34,,,,,,,34,,,,,,,34,,,,,,,34,,,,,,,34,,,,,0,,,,,34,,,,,0,,,,34,,,,,
,35,,SuIeex,,Spartans United,1,,35,,,,,,,35,,,,,,,35,,,,,,,35,,,,,,,35,,,,,,,35,,,,,0,,,,,35,,,,,0,,,,35,,,,,
,36,,FIazingArrow,,Spartans United,1,,36,,,,,,,36,,,,,,,36,,,,,,,36,,,,,,,36,,,,,,,36,,,,,0,,,,,36,,,,,0,,,,36,,,,,
,37,,emceblantakrece,,Spartans United,1,,37,,,,,,,37,,,,,,,37,,,,,,,37,,,,,,,37,,,,,,,37,,,,,0,,,,,37,,,,,0,,,,37,,,,,
,38,,asap_yuri,,Spartans United,1,,38,,,,,,,38,,,,,,,38,,,,,,,38,,,,,,,38,,,,,,,38,,,,,0,,,,,38,,,,,0,,,,38,,,,,
,39,,shadbuckuu,,Spartans United,1,,39,,,,,,,39,,,,,,,39,,,,,,,39,,,,,,,39,,,,,,,39,,,,,0,,,,,39,,,,,0,,,,39,,,,,
,40,,eepyfelinor,,Leon FC,1,,40,,,,,,,40,,,,,,,40,,,,,,,40,,,,,,,40,,,,,,,40,,,,,0,,,,,40,,,,,0,,,,40,,,,,
,41,,forevertemcois,,Spartans United,1,,41,,,,,,,41,,,,,,,41,,,,,,,41,,,,,,,41,,,,,,,41,,,,,0,,,,,41,,,,,0,,,,41,,,,,
,42,,fazaldo,,Spartans United,1,,42,,,,,,,42,,,,,,,42,,,,,,,42,,,,,,,42,,,,,,,42,,,,,0,,,,,42,,,,,0,,,,42,,,,,
,43,,,,,,,43,,,,,,,43,,,,,,,43,,,,,,,43,,,,,,,43,,,,,,,43,,,,,0,,,,,43,,,,,0,,,,43,,,,,
,44,,,,,,,44,,,,,,,44,,,,,,,44,,,,,,,44,,,,,,,44,,,,,,,44,,,,,0,,,,,44,,,,,0,,,,44,,,,,
,45,,,,,,,45,,,,,,,45,,,,,,,45,,,,,,,45,,,,,,,45,,,,,,,45,,,,,0,,,,,45,,,,,0,,,,45,,,,,
,46,,,,,,,46,,,,,,,46,,,,,,,46,,,,,,,46,,,,,,,46,,,,,,,46,,,,,0,,,,,46,,,,,0,,,,46,,,,,
,47,,,,,,,47,,,,,,,47,,,,,,,47,,,,,,,47,,,,,,,47,,,,,,,47,,,,,0,,,,,47,,,,,0,,,,47,,,,,
,48,,,,,,,48,,,,,,,48,,,,,,,48,,,,,,,48,,,,,,,48,,,,,,,48,,,,,0,,,,,48,,,,,0,,,,48,,,,,
,49,,,,,,,49,,,,,,,49,,,,,,,49,,,,,,,49,,,,,,,49,,,,,,,49,,,,,0,,,,,49,,,,,0,,,,49,,,,,
,50,,,,,,,50,,,,,,,50,,,,,,,50,,,,,,,50,,,,,,,50,,,,,,,50,,,,,0,,,,,50,,,,,0,,,,50,,,,,
,51,,,,,,,51,,,,,,,51,,,,,,,51,,,,,,,51,,,,,,,51,,,,,,,51,,,,,0,,,,,51,,,,,0,,,,51,,,,,
,52,,,,,,,52,,,,,,,52,,,,,,,52,,,,,,,52,,,,,,,52,,,,,,,52,,,,,0,,,,,52,,,,,0,,,,52,,,,,
,53,,,,,,,53,,,,,,,53,,,,,,,53,,,,,,,53,,,,,,,53,,,,,,,53,,,,,0,,,,,53,,,,,0,,,,53,,,,,
,54,,,,,,,54,,,,,,,54,,,,,,,54,,,,,,,54,,,,,,,54,,,,,,,54,,,,,0,,,,,54,,,,,0,,,,54,,,,,
,55,,,,,,,55,,,,,,,55,,,,,,,55,,,,,,,55,,,,,,,55,,,,,,,55,,,,,0,,,,,55,,,,,0,,,,55,,,,,
,56,,,,,,,56,,,,,,,56,,,,,,,56,,,,,,,56,,,,,,,56,,,,,,,56,,,,,0,,,,,56,,,,,0,,,,56,,,,,
,57,,,,,,,57,,,,,,,57,,,,,,,57,,,,,,,57,,,,,,,57,,,,,,,57,,,,,0,,,,,57,,,,,0,,,,57,,,,,
,58,,,,,,,58,,,,,,,58,,,,,,,58,,,,,,,58,,,,,,,58,,,,,,,58,,,,,0,,,,,58,,,,,0,,,,58,,,,,
,59,,,,,,,59,,,,,,,59,,,,,,,59,,,,,,,59,,,,,,,59,,,,,,,59,,,,,0,,,,,59,,,,,0,,,,59,,,,,
,60,,,,,,,60,,,,,,,60,,,,,,,60,,,,,,,60,,,,,,,60,,,,,,,60,,,,,0,,,,,60,,,,,0,,,,60,,,,,