,S23 Values + Ratings,,,,,S23 Restrictions,,
,17shka,X,93,"$120,000,000",,T1,"$460,000,000",1X/3A
,AngelSeek,X,92,"$120,000,000",,T2,"$260,000,000",0X/0A/2B
,Maluzur,X,92,"$120,000,000",,T3,"$90,000,000",0 X/A/B/C
,Dhpreme,X,91,"$115,000,000",,9 player minimum per squad counting to value,,
,serrajordi22,X,91,"$115,000,000",,15 player maximum per squad ,,
,Painshinratensei,X,90,"$115,000,000",,,,
,4rkkz,A,89,"$100,000,000",,,,
,Jack924833,A,89,"$100,000,000",,,,
,pipojoelcrack,A,89,"$100,000,000",,,,
,retenzu,A,89,"$100,000,000",,,,
,0203yubin,A,88,"$100,000,000",,,,
,floveramon,A,88,"$100,000,000",,,,
,Iisandroo,A,88,"$100,000,000",,,,
,Makelele,A,88,"$100,000,000",,,,
,ninjisso,A,88,"$100,000,000",,,,
,R1AL2TY,A,87,"$85,000,000",,,,
,sealito,A,87,"$85,000,000",,,,
,Smokey3121,A,87,"$85,000,000",,,,
,Vsmaqq,A,87,"$85,000,000",,,,
,n5ves,A,86,"$85,000,000",,,,
,Rokessi,A,86,"$85,000,000",,,,
,SuIeex,A,86,"$85,000,000",,,,
,Zinrall,A,86,"$85,000,000",,,,
,haakkimi,B,85,"$70,000,000",,,,
,HjaItee,B,85,"$70,000,000",,,,
,Iawestt22,B,85,"$70,000,000",,,,
,JoaKoR15,B,85,"$70,000,000",,,,
,LucianElCorte,B,85,"$70,000,000",,,,
,MRDamDan,B,85,"$70,000,000",,,,
,Nazotiy,B,85,"$70,000,000",,,,
,ocelowski,B,85,"$70,000,000",,,,
,phen5m,B,85,"$70,000,000",,,,
,yuriocean,B,85,"$70,000,000",,,,
,Behrazy,B,84,"$70,000,000",,,,
,dannyvoetballer,B,84,"$70,000,000",,,,
,fazaldo,B,84,"$70,000,000",,,,
,Franksank2222,B,84,"$70,000,000",,,,
,frieztaa,B,84,"$70,000,000",,,,
,GigoIsLigo,B,84,"$70,000,000",,,,
,gingikel,B,84,"$70,000,000",,,,
,kentroya,B,84,"$70,000,000",,,,
,nepzos,B,84,"$70,000,000",,,,
,RobertLewandowski38,B,84,"$70,000,000",,,,
,xfibion,B,84,"$70,000,000",,,,
,anda_ca,B,83,"$55,000,000",,,,
,bxskyy,B,83,"$55,000,000",,,,
,eIargentinoo,B,83,"$55,000,000",,,,
,Lazare67,B,83,"$55,000,000",,,,
,luissssssssssssssss_s,B,83,"$55,000,000",,,,
,smottii,B,83,"$55,000,000",,,,
,toddzzj,B,83,"$55,000,000",,,,
,z1noszn,B,83,"$55,000,000",,,,
,zorvean,B,83,"$55,000,000",,,,
,Idk_Scout,B,82,"$55,000,000",,,,
,Jekowski,B,82,"$55,000,000",,,,
,Justii_n,B,82,"$55,000,000",,,,
,lucasjbss,B,82,"$55,000,000",,,,
,luukzzy,B,82,"$55,000,000",,,,
,pooooooooooooer,B,82,"$55,000,000",,,,
,thenotoriouscolo,B,82,"$55,000,000",,,,
,zrucce,B,82,"$55,000,000",,,,
,aresefgod,C,81,"$35,000,000",,,,
,filipcc12,C,81,"$35,000,000",,,,
,finjoshi,C,81,"$35,000,000",,,,
,havaIiyim,C,81,"$35,000,000",,,,
,irineudosparanaue,C,81,"$35,000,000",,,,
,lubauti04,C,81,"$35,000,000",,,,
,Mood_Ramos,C,81,"$35,000,000",,,,
,moshu_q,C,81,"$35,000,000",,,,
,raahzaa,C,81,"$35,000,000",,,,
,rauIasencioo,C,81,"$35,000,000",,,,
,sealita,C,81,"$35,000,000",,,,
,skazerv,C,81,"$35,000,000",,,,
,Syqxnzl,C,81,"$35,000,000",,,,
,talk2themoney,C,81,"$35,000,000",,,,
,Tupapachiro,C,81,"$35,000,000",,,,
,aevzora,C,80,"$35,000,000",,,,
,AlessandroBastonii,C,80,"$35,000,000",,,,
,amaddiallo_3d,C,80,"$35,000,000",,,,
,D4njumaa,C,80,"$35,000,000",,,,
,dsacszpro,C,80,"$35,000,000",,,,
,feukmizi,C,80,"$35,000,000",,,,
,ImnotarealBR,C,80,"$35,000,000",,,,
,KosoovoIsSerbia,C,80,"$35,000,000",,,,
,offbailee,C,80,"$35,000,000",,,,
,Ohinkzs,C,80,"$35,000,000",,,,
,parlayhunter,C,80,"$35,000,000",,,,
,Rippxh,C,80,"$35,000,000",,,,
,srhguirassy,C,80,"$35,000,000",,,,
,9ab_d,C,79,"$35,000,000",,,,
,axguerd,C,79,"$35,000,000",,,,
,emrrve,C,79,"$35,000,000",,,,
,h2htem,C,79,"$35,000,000",,,,
,hjl,C,79,"$35,000,000",,,,
,Iuczz,C,79,"$35,000,000",,,,
,LimiDantoneIIi,C,79,"$35,000,000",,,,
,luviesta,C,79,"$35,000,000",,,,
,naim_76,C,79,"$35,000,000",,,,
,Pionieers,C,79,"$35,000,000",,,,
,rocha90,C,79,"$35,000,000",,,,
,s2Iah,C,79,"$35,000,000",,,,
,Spook3d,C,79,"$35,000,000",,,,
,zyrso,C,79,"$35,000,000",,,,
,EyeSolotionVx,C,78,"$35,000,000",,,,
,ezemateo04,C,78,"$35,000,000",,,,
,J4xovic,C,78,"$35,000,000",,,,
,lukekakuu,C,78,"$35,000,000",,,,
,Malik_Dan,C,78,"$35,000,000",,,,
,niovc,C,78,"$35,000,000",,,,
,retinzu,C,78,"$35,000,000",,,,
,sir_aimbot012,C,78,"$35,000,000",,,,
,svenzio,C,78,"$35,000,000",,,,
,swmkaa,C,78,"$35,000,000",,,,
,t9shiin,C,78,"$35,000,000",,,,
,TheUnknownDog1,C,78,"$35,000,000",,,,
,UberLeo,C,78,"$35,000,000",,,,
,Uziuqq,C,78,"$35,000,000",,,,
,verlaon,C,78,"$35,000,000",,,,
,Wintre7a,C,78,"$35,000,000",,,,
,11zrix,C,77,"$20,000,000",,,,
,47Weirdo,C,77,"$20,000,000",,,,
,5nzofernandezz,C,77,"$20,000,000",,,,
,aknicc,C,77,"$20,000,000",,,,
,baconltoo,C,77,"$20,000,000",,,,
,berbbatov,C,77,"$20,000,000",,,,
,emceblantakrece,C,77,"$20,000,000",,,,
,firesinan,C,77,"$20,000,000",,,,
,IrnJoseph,C,77,"$20,000,000",,,,
,JoeIinton,C,77,"$20,000,000",,,,
,JONHCENA38,C,77,"$20,000,000",,,,
,Memorientes,C,77,"$20,000,000",,,,
,p9eng,C,77,"$20,000,000",,,,
,saudezo,C,77,"$20,000,000",,,,
,Synksx,C,77,"$20,000,000",,,,
,Wacheeenn,C,77,"$20,000,000",,,,
,22smok,C,76,"$20,000,000",,,,
,adifavela,C,76,"$20,000,000",,,,
,BIoxinhooo,C,76,"$20,000,000",,,,
,bobobobobobobobob,C,76,"$20,000,000",,,,
,coolestwilliam,C,76,"$20,000,000",,,,
,CriticalClip,C,76,"$20,000,000",,,,
,Cycle_Youtub,C,76,"$20,000,000",,,,
,luisblox040909,C,76,"$20,000,000",,,,
,mathztical,C,76,"$20,000,000",,,,
,reiulent,C,76,"$20,000,000",,,,
,scabuft_7,C,76,"$20,000,000",,,,
,sereklover,C,76,"$20,000,000",,,,
,sounddyt,C,76,"$20,000,000",,,,
,tafeljas,C,76,"$20,000,000",,,,
,tayknowlmwoke,C,76,"$20,000,000",,,,
,1PLlKE140,C,75,"$20,000,000",,,,
,alyvz7,C,75,"$20,000,000",,,,
,Carlorzei,C,75,"$20,000,000",,,,
,DAMULEKPL,C,75,"$20,000,000",,,,
,enisify,C,75,"$20,000,000",,,,
,etoneIli,C,75,"$20,000,000",,,,
,eviluded,C,75,"$20,000,000",,,,
,flaandre_scarlet,C,75,"$20,000,000",,,,
,iwnless,C,75,"$20,000,000",,,,
,Jeremy_Zoku,C,75,"$20,000,000",,,,
,jesuscrack50,C,75,"$20,000,000",,,,
,migueatp,C,75,"$20,000,000",,,,
,nvneszn,C,75,"$20,000,000",,,,
,tommy33gun,C,75,"$20,000,000",,,,
,Uzilus,C,75,"$20,000,000",,,,
,aconi5basket,C,74,"$20,000,000",,,,
,Carlosgarvar,C,74,"$20,000,000",,,,
,clumsythings,C,74,"$20,000,000",,,,
,CrisstobaI,C,74,"$20,000,000",,,,
,FIazingArrow,C,74,"$20,000,000",,,,
,Helziy,C,74,"$20,000,000",,,,
,HittaPungaMo,C,74,"$20,000,000",,,,
,Igor_Akinfeev35,C,74,"$20,000,000",,,,
,Mohascred,C,74,"$20,000,000",,,,
,NikeBRvip10,C,74,"$20,000,000",,,,
,SalShears,C,74,"$20,000,000",,,,
,timohabelka6077,C,74,"$20,000,000",,,,
,vadimkapolyakov,C,74,"$20,000,000",,,,
,youngvampmikey,C,74,"$20,000,000",,,,
,zeqhyrin,C,74,"$20,000,000",,,,
,bauti38err,D,73,"$10,000,000",,,,
,Cerueno,D,73,"$10,000,000",,,,
,dansakii,D,73,"$10,000,000",,,,
,Emirtroyaa,D,73,"$10,000,000",,,,
,FeltzGodXI,D,73,"$10,000,000",,,,
,IIRushXI,D,73,"$10,000,000",,,,
,xFixLeox,D,73,"$10,000,000",,,,
,yuria1bertoo,D,73,"$10,000,000",,,,
,zeitano,D,73,"$10,000,000",,,,
,ZodiacMat,D,73,"$10,000,000",,,,
,AitNourii,D,73,"$10,000,000",,,,
,Badsiq,D,73,"$10,000,000",,,,
,dakibo,D,73,"$10,000,000",,,,
,ESTISAWESOMEEE,D,73,"$10,000,000",,,,
,gabipagabo3000,D,73,"$10,000,000",,,,
,Gameomg_RBLX,D,73,"$10,000,000",,,,
,IDavidLIII,D,73,"$10,000,000",,,,
,ilIshootyou,D,73,"$10,000,000",,,,
,IOnlySuat,D,73,"$10,000,000",,,,
,jakenaIdo,D,73,"$10,000,000",,,,
,Lasseboss,D,73,"$10,000,000",,,,
,lGotNoWifi,D,73,"$10,000,000",,,,
,LucasBergvaII,D,73,"$10,000,000",,,,
,maraztyy,D,73,"$10,000,000",,,,
,nsuo456,D,73,"$10,000,000",,,,
,rebelvax,D,72,"$10,000,000",,,,
,sebasdeleon,D,72,"$10,000,000",,,,
,spider_jr23,D,72,"$10,000,000",,,,
,t_osen,D,72,"$10,000,000",,,,
,aayankhan123,D,72,"$10,000,000",,,,
,ActuaIlyPsi,D,72,"$10,000,000",,,,
,BoldProdigy,D,72,"$10,000,000",,,,
,Boo4935,D,72,"$10,000,000",,,,
,C3sual,D,72,"$10,000,000",,,29,
,CaioDoRoblox,D,72,"$10,000,000",,,,
,ElChinoShob,D,72,"$10,000,000",,,,
,IvanLescanito,D,72,"$10,000,000",,,,
,jxzyboi,D,72,"$10,000,000",,,,
,MartinaIkishima,D,72,"$10,000,000",,,,
,MISHIPRAXDYT2,D,72,"$10,000,000",,,,
,nikdinii,D,72,"$10,000,000",,,,
,pomidorek20007,D,72,"$10,000,000",,,,
,RayenITAMaster,D,72,"$10,000,000",,,,
,stefanssons,D,72,"$10,000,000",,,,
,v9nea,D,71,"$10,000,000",,,,
,WindyBye,D,71,"$10,000,000",,,,
,ze7venn,D,71,"$10,000,000",,,,
,0_7Crazy,D,71,"$10,000,000",,,,
,adruzo,D,71,"$10,000,000",,,,
,CanceIooo,D,71,"$10,000,000",,,,
,DragonTwisterSword,D,71,"$10,000,000",,,,
,iluvrealsyy,D,71,"$10,000,000",,,,
,jetixpro,D,71,"$10,000,000",,,,
,Johnteky,D,71,"$10,000,000",,,,
,kasyomi,D,71,"$10,000,000",,,,
,KemalAhmet,D,71,"$10,000,000",,,,
,Mavivonoeu,D,71,"$10,000,000",,,,
,MEMPHISCULT1945,D,71,"$10,000,000",,,,
,Merknazer,D,71,"$10,000,000",,,,
,MO129195,D,71,"$10,000,000",,,,
,NavidParsHakhamneshi,D,70,"$10,000,000",,,,
,uncbenny,D,70,"$10,000,000",,,,
,3yl9d,D,70,"$10,000,000",,,,
,backyardmillie,D,70,"$10,000,000",,,,
,Biel261010_2,D,70,"$10,000,000",,,,
,bubixmeister,D,70,"$10,000,000",,,,
,dabillingham,D,70,"$10,000,000",,,,
,ItchyLfc2005,D,70,"$10,000,000",,,,
,kovanicic,D,70,"$10,000,000",,,,
,mokilkopop,D,70,"$10,000,000",,,,
,origamiempresss,D,70,"$10,000,000",,,,
,qeintessential,D,70,"$10,000,000",,,,
,stefiscoco,D,69,"$10,000,000",,,,
,WillingXWING2,D,69,"$10,000,000",,,,
,zynevii,D,69,"$10,000,000",,,,
,21_Weverton,D,69,"$10,000,000",,,,
,asd52hoho,D,69,"$10,000,000",,,,
,bernardogalard0,D,69,"$10,000,000",,,,
,DanielDeEgg,D,69,"$10,000,000",,,,
,gabriel4560uwu,D,69,"$10,000,000",,,,
,GokuSSGSS323,D,69,"$10,000,000",,,,
,gothlucent,D,69,"$10,000,000",,,,
,gussjrr,D,69,"$10,000,000",,,,
,hellbIaza,D,69,"$10,000,000",,,,
,hutyrr,D,69,"$10,000,000",,,,
,isaque123456677,D,69,"$10,000,000",,,,
,itsslothplayz,D,69,"$10,000,000",,,,
,lau5da,D,69,"$10,000,000",,,,
,lzxthal,D,69,"$10,000,000",,,,
,mikbank,D,69,"$10,000,000",,,,
,nxchomaki,D,69,"$10,000,000",,,,
,personaje23236,D,69,"$10,000,000",,,,
,POLSKAFUTBOL,D,69,"$10,000,000",,,,
,ProCiba099_009,D,69,"$10,000,000",,,,
,rosalocalover,D,69,"$10,000,000",,,,
,s1akaa,D,69,"$10,000,000",,,,
,weitano,D,68,"$10,000,000",,,,
,whitetiger1912,D,68,"$10,000,000",,,,
,8gakpo,D,68,"$10,000,000",,,,
,armeniodbest,D,68,"$10,000,000",,,,
,casillasproinres,D,68,"$10,000,000",,,,
,EIJoacooo,D,68,"$10,000,000",,,,
,Fathikong1,D,68,"$10,000,000",,,,
,Jakethepig87,D,68,"$10,000,000",,,,
,JuanDavPAhe,D,68,"$10,000,000",,,,
,jxviproz,D,68,"$10,000,000",,,,
,kamotodog,D,68,"$10,000,000",,,,
,kyubbz,D,68,"$10,000,000",,,,
,LogicaHD,D,68,"$10,000,000",,,,
,LOUISISAWESOME169,D,68,"$10,000,000",,,,
,nxrutti,D,68,"$10,000,000",,,,
,Raphlna,D,68,"$10,000,000",,,,
,salshorty507,D,68,"$10,000,000",,,,
,uncmusti,D,68,"$10,000,000",,,,
,vtknery,D,68,"$10,000,000",,,,
,WebHac,D,67,"$10,000,000",,,,
,Xenizyn,D,67,"$10,000,000",,,,
,7rrakk,D,67,"$10,000,000",,,,
,a9lire,D,67,"$10,000,000",,,,
,aIisxi,D,67,"$10,000,000",,,,
,BanMeLmao,D,67,"$10,000,000",,,,
,bolinho123456677,D,67,"$10,000,000",,,,
,danie1879,D,67,"$10,000,000",,,,
,Dogesinhoo,D,67,"$10,000,000",,,,
,fabrituber720,D,67,"$10,000,000",,,,
,IILowkeyXI,D,67,"$10,000,000",,,,
,juan810j,D,67,"$10,000,000",,,,
,lolololol1264,D,67,"$10,000,000",,,,
,margoI_l,D,67,"$10,000,000",,,,
,ML_Raul,D,67,"$10,000,000",,,,
,PumpedCrisXI,D,67,"$10,000,000",,,,
,RamiroTHEp2,D,67,"$10,000,000",,,,
,Russ_Brook0MVP,D,67,"$10,000,000",,,,
,Superroblox321,D,67,"$10,000,000",,,,
,theworfer,D,67,"$10,000,000",,,,
,zwtsoo,D,66,"$10,000,000",,,,
,0209yooyeon,D,66,"$10,000,000",,,,
,cynosn,D,66,"$10,000,000",,,,
,ElMorfadorDeChoripan,D,66,"$10,000,000",,,,
,felzzr,D,66,"$10,000,000",,,,
,iconion,D,66,"$10,000,000",,,,
,JoaoFelixCFC,D,66,"$10,000,000",,,,
,lolenxen,D,66,"$10,000,000",,,,
,lsmiAli,D,66,"$10,000,000",,,,
,maImerrr,D,66,"$10,000,000",,,,
,miljan637,D,66,"$10,000,000",,,,
,nishuintoladyboys,D,66,"$10,000,000",,,,
,p5rloi,D,66,"$10,000,000",,,,
,TheAIIRounderGod,D,66,"$10,000,000",,,,
,UchihaGen4ik,D,66,"$10,000,000",,,,
,vladimirboss,D,66,"$10,000,000",,,,
,youssavanier,D,66,"$10,000,000",,,,
,zanyest,D,66,"$10,000,000",,,,
,Zoomical,D,66,"$10,000,000",,,,
,Zynuei_x,D,66,"$10,000,000",,,,
,06kAlan,D,65,"$10,000,000",,,,
,3versionn,D,65,"$10,000,000",,,,
,6aggio,D,65,"$10,000,000",,,,
,888wu,D,65,"$10,000,000",,,,
,8bein8,D,65,"$10,000,000",,,,
,9Haaaland,D,65,"$10,000,000",,,,
,abediipeIe,D,65,"$10,000,000",,,,
,Alexander963265,D,65,"$10,000,000",,,,
,AlinRK,D,65,"$10,000,000",,,,
,americanfighter83,D,65,"$10,000,000",,,,
,amrmalekelboss,D,65,"$10,000,000",,,,
,andrade20001,D,65,"$10,000,000",,,,
,arisumnn,D,65,"$10,000,000",,,,
,asiturkic,D,65,"$10,000,000",,,,
,Ayanagi_S,D,65,"$10,000,000",,,,
,Bamvaam,D,65,"$10,000,000",,,,
,Barellinho,D,65,"$10,000,000",,,,
,bau5z,D,65,"$10,000,000",,,,
,BeboisClown,D,65,"$10,000,000",,,,
,Betoaranha_8,D,65,"$10,000,000",,,,
,blackmaks21,D,65,"$10,000,000",,,,
,bubbli,D,65,"$10,000,000",,,,
,bueeeeeeeeeeno,D,65,"$10,000,000",,,,
,bxdghggjj31,D,65,"$10,000,000",,,,
,cara_futbol,D,65,"$10,000,000",,,,
,CesareCasdei,D,65,"$10,000,000",,,,
,Cineris,D,65,"$10,000,000",,,,
,cookiedark41,D,65,"$10,000,000",,,,
,Crimson_Reyes,D,65,"$10,000,000",,,,
,crimzvon,D,65,"$10,000,000",,,,
,CriticalLio,D,65,"$10,000,000",,,,
,cxzrrs,D,65,"$10,000,000",,,,
,d4nieeI,D,65,"$10,000,000",,,,
,damfromdao,D,65,"$10,000,000",,,,
,danieImunozz,D,65,"$10,000,000",,,,
,danielsyxz,D,65,"$10,000,000",,,,
,Danilawolk0867,D,65,"$10,000,000",,,,
,Dantzgoat,D,65,"$10,000,000",,,,
,daramyy,D,65,"$10,000,000",,,,
,DJMaxwell132,D,65,"$10,000,000",,,,
,Eduardcraftim1,D,65,"$10,000,000",,,,
,egereiz3256,D,65,"$10,000,000",,,,
,ElchuchoPerez,D,65,"$10,000,000",,,,
,elcrack1245,D,65,"$10,000,000",,,,
,EnfieldrllyDOit,D,65,"$10,000,000",,,,
,ENYELREVENTADOOOR,D,65,"$10,000,000",,,,
,EricRB321,D,65,"$10,000,000",,,,
,FeliZpe_Br15,D,65,"$10,000,000",,,,
,Fernandinho90,D,65,"$10,000,000",,,,
,fIorineI,D,65,"$10,000,000",,,,
,FireBBombx,D,65,"$10,000,000",,,,
,Francinhoo,D,65,"$10,000,000",,,,
,Fraudrian,D,65,"$10,000,000",,,,
,freshermarrow77,D,65,"$10,000,000",,,,
,Gaxovic,D,65,"$10,000,000",,,,
,Gentusso,D,65,"$10,000,000",,,,
,gokuzeiro12,D,65,"$10,000,000",,,,
,gr33nb4ll,,65,"$10,000,000",,,,
,h1z4n6,D,65,"$10,000,000",,,,
,hadjszn,D,65,"$10,000,000",,,,
,Hakermar03,D,65,"$10,000,000",,,,
,harmoush,D,65,"$10,000,000",,,,
,harshflux,D,65,"$10,000,000",,,,
,hashimvax,D,65,"$10,000,000",,,,
,Hrisowskii,D,65,"$10,000,000",,,,
,Iam_Owen,D,65,"$10,000,000",,,,
,iiPlutoski,D,65,"$10,000,000",,,,
,IKalxdouI,D,65,"$10,000,000",,,,
,immexican33333,D,65,"$10,000,000",,,,
,imthemeatballzzz,D,65,"$10,000,000",,,,
,innverted,D,65,"$10,000,000",,,,
,INTERCRAK36234,D,65,"$10,000,000",,,,
,invasor_voraz940,D,65,"$10,000,000",,,,
,iTz_SinoO,D,65,"$10,000,000",,,,
,iz_kloodi,D,65,"$10,000,000",,,,
,jeffe9931,D,65,"$10,000,000",,,,
,jenlon55,D,65,"$10,000,000",,,,
,jerrlets,D,65,"$10,000,000",,,,
,jessnaldo,D,65,"$10,000,000",,,,
,JezuGreen,D,65,"$10,000,000",,,,
,jkiller67867282882,D,65,"$10,000,000",,,,
,joacocivile,D,65,"$10,000,000",,,,
,jordanlehn21,D,65,"$10,000,000",,,,
,Joshlect,D,65,"$10,000,000",,,,
,JosmellGamers,D,65,"$10,000,000",,,,
,JzzSenn,D,65,"$10,000,000",,,,
,Kaimook_TH123,D,65,"$10,000,000",,,,
,keepupwithmelo,D,65,"$10,000,000",,,,
,KenanYiIdizz,D,65,"$10,000,000",,,,
,krupxviesa,D,65,"$10,000,000",,,,
,Kylian_McFrappa,D,65,"$10,000,000",,,,
,Kzidowski,D,65,"$10,000,000",,,,
,lithuanianbadman,D,65,"$10,000,000",,,,
,LlllllolXD,D,65,"$10,000,000",,,,
,LuckyzTroopz,D,65,"$10,000,000",,,,
,LuNatsuLu,D,65,"$10,000,000",,,,
,LVRAFLEUZE,D,65,"$10,000,000",,,,
,Lyrical_Phoenix,D,65,"$10,000,000",,,,
,malevolennr,D,65,"$10,000,000",,,,
,ManLikeStam,D,65,"$10,000,000",,,,
,marianoycamila08,D,65,"$10,000,000",,,,
,master454512,D,65,"$10,000,000",,,,
,mateiryan,D,65,"$10,000,000",,,,
,mateqx1,D,65,"$10,000,000",,,,
,matgame972,D,65,"$10,000,000",,,,
,MatiasKaporoom,D,65,"$10,000,000",,,,
,Matsiq123,D,65,"$10,000,000",,,,
,Maximo_2016,D,65,"$10,000,000",,,,
,Mehzzi,D,65,"$10,000,000",,,,
,MemoEgy,D,65,"$10,000,000",,,,
,MF7UP,D,65,"$10,000,000",,,,
,michell_2011,D,65,"$10,000,000",,,,
,michiestaa,D,65,"$10,000,000",,,,
,MigueLoXinX,D,65,"$10,000,000",,,,
,mirac7104,D,65,"$10,000,000",,,,
,MK1zl,D,65,"$10,000,000",,,,
,modenphrog,D,65,"$10,000,000",,,,
,MohamedSaidBenrahma,D,65,"$10,000,000",,,,
,moIochukx,D,65,"$10,000,000",,,,
,monahinho,D,65,"$10,000,000",,,,
,Mounstan,D,65,"$10,000,000",,,,
,Mrender0110,D,65,"$10,000,000",,,,
,MrHiko_Yt,D,65,"$10,000,000",,,,
,MRXabdoX,D,65,"$10,000,000",,,,
,Mynamekap112,D,65,"$10,000,000",,,,
,Nessuares,D,65,"$10,000,000",,,,
,NickOIij,D,65,"$10,000,000",,,,
,niieenow,D,65,"$10,000,000",,,,
,nipherus,D,65,"$10,000,000",,,,
,Nwanerii,D,65,"$10,000,000",,,,
,o4600sa,D,65,"$10,000,000",,,,
,OnepunchZv,D,65,"$10,000,000",,,,
,oscarpiastri,D,65,"$10,000,000",,,,
,osswaIdcobblepot,D,65,"$10,000,000",,,,
,othniel2007,D,65,"$10,000,000",,,,
,Padman1000,D,65,"$10,000,000",,,,
,papucraft_43,D,65,"$10,000,000",,,,
,PasitaRodriguez,D,65,"$10,000,000",,,,
,PatrickWheels,D,65,"$10,000,000",,,,
,PEDROLERIGOLO,D,65,"$10,000,000",,,,
,Pedroshot_Gaming,D,65,"$10,000,000",,,,
,peruano122,D,65,"$10,000,000",,,,
,Pinbappe,D,65,"$10,000,000",,,,
,pinguinitotroll,D,65,"$10,000,000",,,,
,Planovac,D,65,"$10,000,000",,,,
,Poaxngh,D,65,"$10,000,000",,,,
,psitulasek2211,D,65,"$10,000,000",,,,
,qatariaen,D,65,"$10,000,000",,,,
,R3scerns,D,65,"$10,000,000",,,,
,Raaahim7,D,65,"$10,000,000",,,,
,Raminhosgames,D,65,"$10,000,000",,,,
,raspyextreme,D,65,"$10,000,000",,,,
,Rayquazathepro,D,65,"$10,000,000",,,,
,Realuct,D,65,"$10,000,000",,,,
,Reiss_Nelson2,D,65,"$10,000,000",,,,
,renaattoo10,D,65,"$10,000,000",,,,
,RobloxScripterDevLua,D,65,"$10,000,000",,,,
,ronaIddoo,D,65,"$10,000,000",,,,
,Ronbon99,D,65,"$10,000,000",,,,
,roxodoshadownoob21,D,65,"$10,000,000",,,,
,ruxel_gamerpro,D,65,"$10,000,000",,,,
,RvbMoose,D,65,"$10,000,000",,,,
,S_haddai,D,65,"$10,000,000",,,,
,SaeEgoistx,D,65,"$10,000,000",,,,
,SalOpsz,D,65,"$10,000,000",,,,
,SamueItx,D,65,"$10,000,000",,,,
,SaturnX7x,D,65,"$10,000,000",,,,
,sebbvetteI,D,65,"$10,000,000",,,,
,Semkokozluca3,D,65,"$10,000,000",,,,
,SerpzCustos,D,65,"$10,000,000",,,,
,ShadowDefenderXII,D,65,"$10,000,000",,,,
,ShadowzyHDYT,D,65,"$10,000,000",,,,
,shany4ng,D,65,"$10,000,000",,,,
,ShawnxMonaco,D,65,"$10,000,000",,,,
,ShazArcalis,D,65,"$10,000,000",,,,
,shuubero,D,65,"$10,000,000",,,,
,sirchonkus,D,65,"$10,000,000",,,,
,SixityTime,D,65,"$10,000,000",,,,
,smike3334,D,65,"$10,000,000",,,,
,sp9rta,D,65,"$10,000,000",,,,
,stjepogame,D,65,"$10,000,000",,,,
,STORMgiannis900,D,65,"$10,000,000",,,,
,streetannie,D,65,"$10,000,000",,,,
,superHaloxd,D,65,"$10,000,000",,,,
,SwaySwayboii_II,D,65,"$10,000,000",,,,
,Synicalz_x,D,65,"$10,000,000",,,,
,szyluv,D,65,"$10,000,000",,,,
,TerminatorBat123,D,65,"$10,000,000",,,,
,themightyjesse,D,65,"$10,000,000",,,,
,TheSmurfTheGood,D,65,"$10,000,000",,,,
,thronefall,D,65,"$10,000,000",,,,
,tizongass,D,65,"$10,000,000",,,,
,tobbid,D,65,"$10,000,000",,,,
,toneIli,D,65,"$10,000,000",,,,
,tottxii,D,65,"$10,000,000",,,,
,trickvyy,D,65,"$10,000,000",,,,
,trincao1907,D,65,"$10,000,000",,,,
,tris10_m,D,65,"$10,000,000",,,,
,trovao16,D,65,"$10,000,000",,,,
,TsekInPuo,D,65,"$10,000,000",,,,
,tumanze,D,65,"$10,000,000",,,,
,Tushonslayer,D,65,"$10,000,000",,,,
,uazeed,D,65,"$10,000,000",,,,
,Uged,D,65,"$10,000,000",,,,
,umutddeuchi,D,65,"$10,000,000",,,,
,usamoi5,D,65,"$10,000,000",,,,
,v9nea,D,65,"$10,000,000",,,,
,v9nea ,D,65,"$10,000,000",,,,
,vandebeek_6,D,65,"$10,000,000",,,,
,vanjamilinkovicsavic,D,65,"$10,000,000",,,,
,veeznoo,D,65,"$10,000,000",,,,
,VeloxEdge,D,65,"$10,000,000",,,,
,Victor32377mpj,D,65,"$10,000,000",,,,
,vit1nhaa,D,65,"$10,000,000",,,,
,weksit0,D,65,"$10,000,000",,,,
,whykamz,D,65,"$10,000,000",,,,
,Wiinchxster,D,65,"$10,000,000",,,,
,William1pa0,D,65,"$10,000,000",,,,
,wlNams,D,65,"$10,000,000",,,,
,worrde,D,65,"$10,000,000",,,,
,xenophoenix11,D,65,"$10,000,000",,,,
,XenoSuperEscalibur,D,65,"$10,000,000",,,,
,Xorbanys,D,65,"$10,000,000",,,,
,Xsamuel_Doritos34,D,65,"$10,000,000",,,,
,xu1zo,D,65,"$10,000,000",,,,
,XxPrince_YxX,D,65,"$10,000,000",,,,
,Y2oung,D,65,"$10,000,000",,,,
,Ymazing1,D,65,"$10,000,000",,,,
,Yordkxz,D,65,"$10,000,000",,,,
,yossefessa,D,65,"$10,000,000",,,,
,Yunami27X,D,65,"$10,000,000",,,,
,zaketti,D,65,"$10,000,000",,,,
,Zarkzos,D,65,"$10,000,000",,,,
,zerix_360,D,65,"$10,000,000",,,,
,Zl_Moren,D,65,"$10,000,000",,,,
,zyArthxr,D,65,"$10,000,000",,,,