"UPCOMING MATCHDAY - MATCHDAY 10 OF 10 ","",""," PREMIER LEAGUE   FIXTURES ","","","","","","","","","","","","","","","","","","","","","","","","","","","","",""
"","","CHELSEA F.C","","","6","","","FULLTIME","","","","","ARSENAL F.C","","","0","","","FULLTIME","","","","","LIVERPOOL F.C","","","0","","","FORFEIT","",""
"","","","","","","","","9/8/25","","","","","","","","","","","9/8/25","","","","","","","","","","","9/8/25","",""
"","","ASTON VILLA","","","4","","","8:00PM BST","","","","","MANCHESTER UNITED","","","3","","","4:00PM BST","","","","","NOTTINGHAM FOREST","","","0","","","5:00PM BST","",""
"","","","","","","","","3:00PM EST","","","","","","","","","","","11:00AM EST","","","","","","","","","","","12:00PM EST","",""
"RESULTS - MATCHDAY 1 OF 10","","","","","","","","","","","","","","","","","","","","","","","","","","","","","","","",""
"","","ASTON VILLA","","","1","","","FULLTIME","","","","","CHELSEA F.C","","","2","","","FULLTIME","","","","","MANCHESTER UNITED","","","2","","","FULLTIME","",""
"","","","","","","","","24/5/25","","","","","","","","","","","24/5/25","","","","","","","","","","","24/5/25","",""
"","","ARSENAL F.C","","","3","","","5:00PM BST","","","","","LIVERPOOL F.C","","","0","","","7:00PM BST","","","","","NOTTINGHAM FOREST","","","1","","","6:00PM BST","",""
"","","","","","","","","12:00PM EST","","","","","","","","","","","2:00PM EST","","","","","","","","","","","1:00PM EST","",""
"RESULTS - MATCHDAY 2 OF 10","","","","","","","","","","","","","","","","","","","","","","","","","","","","","","","",""
"","","MANCHESTER UNITED","","","7","","","FULLTIME","","","","","LIVERPOOL F.C","","","3","","","FULLTIME","","","","","NOTTINGHAM FOREST","","","5","","","FULLTIME","",""
"","","","","","","","","31/5/25","","","","","","","","","","","31/5/25","","","","","","","","","","","31/5/25","",""
"","","CHELSEA F.C","","","2","","","7:00PM BST","","","","","ASTON VILLA","","","5","","","5:00PM BST","","","","","ARSENAL F.C","","","7","","","6:00PM BST","",""
"","","","","","","","","2:00PM EST","","","","","","","","","","","12:00PM EST","","","","","","","","","","","1:00PM EST","",""
"RESULTS - MATCHDAY 3 OF 10","","","","","","","","","","","","","","","","","","","","","","","","","","","","","","","",""
"","","ASTON VILLA","","","1","","","FULLTIME","","","","","LIVERPOOL F.C","","","1","","","FULLTIME","","","","","ARSENAL F.C","","","6","","","FULLTIME","",""
"","","","","","","","","7/6/25","","","","","","","","","","","7/6/25","","","","","","","","","","","7/6/25","",""
"","","NOTTINGHAM FOREST","","","9","","","5:00PM BST","","","","","MANCHESTER UNITED","","","8","","","6:00PM BST","","","","","CHELSEA F.C","","","1","","","7:00PM BST","",""
"","","","","","","","","12:00PM EST","","","","","","","","","","","1:00PM EST","","","","","","","","","","","2:00PM EST","",""
"RESULTS - MATCHDAY 4 OF 10","","","","","","","","","","","","","","","","","","","","","","","","","","","","","","","",""
"","","CHELSEA F.C","","","0","","","FULLTIME","","","","","ARSENAL F.C","","","10","","","FULLTIME","","","","","MANCHESTER UNITED","","","3","","","FULLTIME","",""
"","","","","","","","","14/6/25","","","","","","","","","","","14/6/25","","","","","","","","","","","14/6/25","",""
"","","NOTTINGHAM FOREST","","","2","","","7:00PM BST","","","","","LIVERPOOL F.C","","","1","","","4:00PM BST","","","","","ASTON VILLA","","","1","","","5:00PM BST","",""
"","","","","","","","","2:00PM EST","","","","","","","","","","","11:00AM EST","","","","","","","","","","","12:00PM EST","",""
"RESULTS - MATCHDAY 5 OF 10","","","","","","","","","","","","","","","","","","","","","","","","","","","","","","","",""
"","","ASTON VILLA","","","2","","","FULLTIME","","","","","MANCHESTER UNITED","","","2","","","FULLTIME","","","","","NOTTINGHAM FOREST","","","1","","","FULLTIME","",""
"","","","","","","","","21/6/25","","","","","","","","","","","21/6/25","","","","","","","","","","","21/6/25","",""
"","","CHELSEA F.C","","","2","","","7:00PM BST","","","","","ARSENAL F.C","","","1","","","4:00PM BST","","","","","LIVERPOOL F.C","","","0","","","5:00PM BST","",""
"","","","","","","","","2:00PM EST","","","","","","","","","","","11:00AM EST","","","","","","","","","","","12:00PM EST","",""
"RESULTS - MATCHDAY 6 OF 10","","","","","","","","","","","","","","","","","","","","","","","","","","","","","","","",""
"","","ARSENAL F.C","","","3","","","FULLTIME","","","","","LIVERPOOL F.C","","","5","","","FULLTIME","","","","","NOTTINGHAM FOREST","","","2","","","FULLTIME","",""
"","","","","","","","","12/7/25","","","","","","","","","","","13/7/25","","","","","","","","","","","12/7/25","",""
"","","ASTON VILLA","","","1","","","6:00PM BST","","","","","CHELSEA F.C","","","0","","","8:00PM BST","","","","","MANCHESTER UNITED","","","1","","","5:00PM BST","",""
"","","","","","","","","1:00PM EST","","","","","","","","","","","3:00PM EST","","","","","","","","","","","12:00PM EST","",""
"RESULTS - MATCHDAY 7 OF 10","","","","","","","","","","","","","","","","","","","","","","","","","","","","","","","",""
"","","CHELSEA F.C","","","0","","","FULLTIME","","","","","ASTON VILLA","","","5","","","FULLTIME","","","","","ARSENAL F.C","","","1","","","FULLTIME","",""
"","","","","","","","","19/7/25","","","","","","","","","","","19/7/25","","","","","","","","","","","19/7/25","",""
"","","MANCHESTER UNITED","","","2","","","8:00PM BST","","","","","LIVERPOOL F.C","","","2","","","6:00PM BST","","","","","NOTTINGHAM FOREST","","","2","","","5:00PM BST","",""
"","","","","","","","","3:00PM EST","","","","","","","","","","","1:00PM EST","","","","","","","","","","","12:00PM EST","",""
"RESULTS - MATCHDAY 8 OF 10","","","","","","","","","","","","","","","","","","","","","","","","","","","","","","","",""
"","","NOTTINGHAM FOREST","","","6","","","FULLTIME","","","","","MANCHESTER UNITED","","","10","","","FULLTIME","","","","","CHELSEA F.C","","","0","","","FORFEIT","",""
"","","","","","","","","26/7/25","","","","","","","","","","","26/7/25","","","","","","","","","","","26/7/25","",""
"","","ASTON VILLA","","","3","","","5:00PM BST","","","","","LIVERPOOL F.C","","","0","","","4:00PM BST","","","","","ARSENAL F.C","","","3","","","8:00PM BST","",""
"","","","","","","","","12:00PM EST","","","","","","","","","","","11:00AM EST","","","","","","","","","","","3:00PM EST","",""
"RESULTS - MATCHDAY 9 OF 10","","","","","","","","","","","","","","","","","","","","","","","","","","","","","","","",""
"","","NOTTINGHAM FOREST","","","2","","","FULLTIME","","","","","LIVERPOOL F.C","","","3","","","FULLTIME","","","","","ASTON VILLA","","","3","","","FULLTIME","",""
"","","","","","","","","2/8/25","","","","","","","","","","","2/8/25","","","","","","","","","","","2/8/25","",""
"","","CHELSEA F.C","","","2","","","6:00PM BST","","","","","ARSENAL F.C","","","0","","","4:00PM BST","","","","","MANCHESTER UNITED","","","4","","","6:00PM BST","",""
"","","","","","","","","1:00PM EST","","","","","","","","","","","11:00AM EST","","","","","","","","","","","1:00PM EST","",""
"RESULTS - MATCHDAY 10 OF 10","","","","","","","","","","","","","","","","","","","","","","","","","","","","","","","",""
"","","CHELSEA F.C","","","6","","","FULLTIME","","","","","ARSENAL F.C","","","0","","","FULLTIME","","","","","LIVERPOOL F.C","","","0","","","FORFEIT","",""
"","","","","","","","","9/8/25","","","","","","","","","","","9/8/25","","","","","","","","","","","9/8/25","",""
"","","ASTON VILLA","","","4","","","8:00PM BST","","","","","MANCHESTER UNITED","","","3","","","4:00PM BST","","","","","NOTTINGHAM FOREST","","","0","","","5:00PM BST","",""
"","","","","","","","","3:00PM EST","","","","","","","","","","","11:00AM EST","","","","","","","","","","","12:00PM EST","",""