"","Rank","Premier League Goals Name","Team","MD10 Goals","","Rank","Premier League Assists Name","Team","MD10 Assists","","Rank","Premier League Cleansheets Name","Team","MD10 Cleansheets","","Rank","Premier League MOTM Count Name","Team","MD10 MOTMs","","Rank","Premier League Mentions Count Name","Team","Mentions","1ST","2ND","MD10 3RD","","Rank","Premier League Card Count Name","Team","MD10 YC","RC",""
"","1","slimfatboy5","Arsenal F.C","24","","1","moonlemaekers","Arsenal F.C","19","","1","vadimkapolyakov","Manchester United","2","","1","slimfatboy5","Arsenal F.C","4","","1","moonlemaekers","Arsenal F.C","6","4","2","0","","1","ekawcaruso","Chelsea F.C","1","1",""
"","2","phen5m","Manchester United","13","","2","n5ves","Nottingham Forest","9","","2","ahmedmomoa","Nottingham Forest","1","","2","phen5m","Manchester United","3","","2","n5ves","Nottingham Forest","5","3","1","1","","2","rebelvax","Liverpool F.C","0","1",""
"","3","r_hzaa","Aston Villa","12","","3","phen5m","Manchester United","9","","3","gussjrr","Nottingham Forest","1","","3","MakeIeIe","Manchester United","3","","3","MakeIeIe","Manchester United","4","3","0","1","","3","MRDamDan","Arsenal F.C","2","0",""
"","4","n5ves","Nottingham Forest","11","","4","MakeIeIe","Manchester United","8","","4","itsslothplayz","Liverpool F.C","1","","4","n5ves","Nottingham Forest","2","","4","naim_76","Aston Villa","4","0","1","3","","4","HasHikO_PriMexS","Liverpool F.C","2","0",""
"","5","22smok","Nottingham Forest","10","","5","Iawestt22","Manchester United","7","","5","alyvz7","Chelsea F.C","1","","5","Zoomical","Chelsea F.C","2","","5","IILowkeyXI","Aston Villa","3","1","2","0","","5","SuIeex","Nottingham Forest","1","0",""
"","6","MakeIeIe","Manchester United","10","","6","IILowkeyXI","Aston Villa","4","","6","","","","","6","21_Weverton","Liverpool F.C","1","","6","Iisandroo","Manchester United","3","0","1","2","","6","Igor_Akinfeev35","Liverpool F.C","1","0",""
"","7","Iawestt22","Manchester United","8","","7","haakkimi","Aston Villa","4","","7","","","","","7","22smok","Nottingham Forest","1","","7","MRDamDan","Arsenal F.C","3","0","0","3","","7","nvmcobain","Nottingham Forest","1","0",""
"","8","moonlemaekers","Arsenal F.C","5","","8","Iuczz","Nottingham Forest","4","","8","","","","","8","moonlemaekers","Arsenal F.C","1","","8","phen5m","Manchester United","3","2","0","1","","8","Iam_Owen","Chelsea F.C","1","0",""
"","9","CriticalLio","Manchester United","5","","9","p9eng","Aston Villa","4","","9","","","","","9","finjoshi","Aston Villa","1","","9","yuriocean","Chelsea F.C","3","1","2","0","","9","ProCiba099_009","Liverpool F.C","1","0",""
"","10","finjoshi","Aston Villa","4","","10","dabillingham","Chelsea F.C","4","","10","","","","","10","Iisandroo","Manchester United","1","","10","r_hzaa","Aston Villa","3","1","1","1","","10","finjoshi","Aston Villa","1","0",""
"","11","itsslothplayz","Liverpool F.C","4","","11","22smok","Nottingham Forest","3","","11","","","","","11","irineudosparanaue","Chelsea F.C","1","","11","Jekowski","Nottingham Forest","2","1","0","1","","11","SanTser780_5","Aston Villa","1","0",""
"","12","p9eng","Aston Villa","4","","12","A7HAAR","Aston Villa","3","","12","","","","","12","lolololol1264","Chelsea F.C","1","","12","Iuczz","Nottingham Forest","2","1","0","1","","12","rocha90","Aston Villa","1","0",""
"","13","Zoomical","Chelsea F.C","4","","13","Syqxnzl","Chelsea F.C","3","","13","","","","","13","gussjrr","Nottingham Forest","1","","13","p9eng","Aston Villa","2","1","0","1","","13","ahmedmomoa","Nottingham Forest","1","0",""
"","14","IILowkeyXI","Aston Villa","3","","14","Yunami27X","Liverpool F.C","3","","14","","","","","14","Iawestt22","Manchester United","1","","14","22smok","Nottingham Forest","2","0","1","1","","14","IILowkeyXI","Aston Villa","1","0",""
"","15","yuriocean","Chelsea F.C","3","","15","Painshinratensei","Manchester United","3","","15","","","","","15","Painshinratensei","Manchester United","1","","15","PLOKOLOL_BROTHER5","Nottingham Forest","2","0","1","1","","15","vanjamilinkovicsavic","Nottingham Forest","1","0",""
"","16","uncekaw","Chelsea F.C","3","","16","yuriocean","Chelsea F.C","3","","16","","","","","16","r_hzaa","Aston Villa","1","","16","Iawestt22","Manchester United","2","0","1","1","","16","themightyjesse","Chelsea F.C","1","0",""
"","17","Iisandroo","Manchester United","2","","17","Nazoity","Arsenal F.C","2","","17","","","","","17","uncekaw","Chelsea F.C","1","","17","Painshinratensei","Manchester United","2","0","2","0","","17","","","","",""
"","18","irineudosparanaue","Chelsea F.C","2","","18","CriticalClip","Aston Villa","1","","18","","","","","18","","","","","18","dabillingham","Chelsea F.C","2","0","1","1","","18","","","","",""
"","19","PLOKOLOL_BROTHER5","Nottingham Forest","2","","19","Hrisowskii","Nottingham Forest","1","","19","","","","","19","","","","","19","alyvz7","Chelsea F.C","1","1","0","0","","19","","","","",""
"","20","rebelvax","Liverpool F.C","2","","20","Igor_Akinfeev35","Liverpool F.C","1","","20","","","","","20","","","","","20","kyubbz","Manchester United","1","1","0","0","","20","","","","",""
"","21","spider_jr23","Liverpool F.C","2","","21","slimfatboy5","Arsenal F.C","1","","21","","","","","21","","","","","21","irineudosparanaue","Chelsea F.C","1","1","0","0","","21","","","","",""
"","22","Jekowski","Nottingham Forest","2","","22","jesuscrack50","Arsenal F.C","1","","22","","","","","22","","","","","22","Syqxnzl","Chelsea F.C","1","1","0","0","","22","","","","",""
"","23","Iuczz","Nottingham Forest","2","","23","nvneszn","Liverpool F.C","1","","23","","","","","23","","","","","23","clumsythings","Arsenal F.C","1","1","0","0","","23","","","","",""
"","24","kinqsoI","Aston Villa","2","","24","PLOKOLOL_BROTHER5","Nottingham Forest","1","","24","","","","","24","","","","","24","nvneszn","Liverpool F.C","1","1","0","0","","24","","","","",""
"","25","Nazotiy","Arsenal F.C","1","","25","rebelvax","Liverpool F.C","1","","25","","","","","25","","","","","25","jakub8278","Arsenal F.C","1","0","1","0","","25","","","","",""
"","26","nvneszn","Liverpool F.C","1","","26","spider_jr23","Liverpool F.C","1","","26","","","","","26","","","","","26","Nazotiy","Arsenal F.C","1","0","1","0","","26","","","","",""
"","27","zorvean","Nottingham Forest","1","","27","TheAIIRounderGod","Liverpool F.C","1","","27","","","","","27","","","","","27","imnotarealBR","Arsenal F.C","1","0","1","0","","27","","","","",""
"","28","UchihaGen4ik","Nottingham Forest","1","","28","Vinariyn","Arsenal F.C","1","","28","","","","","28","","","","","28","Hrisowskii","Nottingham Forest","1","0","1","0","","28","","","","",""
"","29","Igor_Akinfeev35","Liverpool F.C","1","","29","imnotarealBR","Arsenal F.C","1","","29","","","","","29","","","","","29","ziaderzi","Arsenal F.C","1","0","1","0","","29","","","","",""
"","30","themightyjesse","Chelsea F.C","1","","30","ziggystarzdust72","Nottingham Forest","1","","30","","","","","30","","","","","30","zorvean","Nottingham Forest","1","0","1","0","","30","","","","",""
"","31","origamiempresss","Chelsea F.C","1","","31","swmkaa","Arsenal F.C","1","","30","","","","","31","","","","","31","spiderjr_23","Liverpool F.C","1","0","1","0","","31","","","","",""
"","32","dabillingham","Chelsea F.C","1","","32","vanjamilinkovicsavic","Nottingham Forest","1","","32","","","","","32","","","","","32","haakkimi","Aston Villa","1","0","1","0","","32","","","","",""
"","33","naim_76","Aston Villa","1","","33","z1noszn","Liverpool F.C","1","","33","","","","","33","","","","","33","vadimkapolyakov","Manchester United","1","0","1","0","","33","","","","",""
"","34","","","","","34","ProCiba099_009","Liverpool F.C","1","","34","","","","","34","","","","","34","Fallenciaga","Chelsea F.C","1","0","0","1","","34","","","","",""
"","35","","","","","35","naim_76","Aston Villa","1","","35","","","","","35","","","","","35","toneIli","Liverpool F.C","1","0","0","1","","35","","","","",""
"","36","","","","","36","CriticalLio","Manchester United","1","","36","","","","","36","","","","","36","SuIeex","Nottingham Forest","1","0","0","1","","36","","","","",""
"","37","","","","","37","Jekowski","Nottingham Forest","1","","37","","","","","37","","","","","37","Igor_Akinfeev35","Liverpool F.C","1","0","0","1","","37","","","","",""
"","38","","","","","38","zorvean","Nottingham Forest","1","","38","","","","","38","","","","","38","CriticalLio","Manchester United","1","0","0","1","","38","","","","",""
"","39","","","","","39","kinqsoI","Aston Villa","1","","39","","","","","39","","","","","39","uncekaw","Chelsea F.C","1","0","1","0","","39","","","","",""
"","40","","","","","40","themightyjesse","Chelsea F.C","1","","40","","","","","40","","","","","40","kinqsoI","Aston Villa","1","1","0","0","","40","","","","",""
"","41","","","","","41","","","","","41","","","","","41","","","","","41","origamiempresss","Chelsea F.C","1","0","0","1","","41","","","","",""
"","42","","","","","42","","","","","42","","","","","42","","","","","42","","","","","","","","42","","","","",""
"","43","","","","","43","","","","","43","","","","","43","","","","","43","","","","","","","","43","","","","",""
"","44","","","","","44","","","","","44","","","","","44","","","","","44","","","","","","","","44","","","","",""
"","45","","","","","45","","","","","45","","","","","45","","","","","45","","","","","","","","45","","","","",""
"","46","","","","","46","","","","","46","","","","","46","","","","","46","","","","","","","","46","","","","",""
"","47","","","","","47","","","","","47","","","","","47","","","","","47","","","","","","","","47","","","","",""
"","48","","","","","48","","","","","48","","","","","48","","","","","48","","","","","","","","48","","","","",""
"","49","","","","","49","","","","","49","","","","","49","","","","","49","","","","","","","","49","","","","",""
"","50","","","","","50","","","","","50","","","","","50","","","","","50","","","","","","","","50","","","","",""
"","51","","","","","51","","","","","51","","","","","51","","","","","51","","","","","","","","51","","","","",""
"","52","","","","","52","","","","","52","","","","","52","","","","","52","","","","","","","","52","","","","",""
"","53","","","","","53","","","","","53","","","","","53","","","","","53","","","","","","","","53","","","","",""
"","54","","","","","54","","","","","54","","","","","54","","","","","54","","","","","","","","54","","","","",""
"","55","","","","","55","","","","","55","","","","","55","","","","","55","","","","","","","","55","","","","",""
"","56","","","","","56","","","","","56","","","","","56","","","","","56","","","","","","","","56","","","","",""
"","57","","","","","57","","","","","57","","","","","57","","","","","57","","","","","","","","57","","","","",""
"","58","","","","","58","","","","","58","","","","","58","","","","","58","","","","","","","","58","","","","",""
"","59","","","","","59","","","","","59","","","","","59","","","","","59","","","","","","","","59","","","","",""
"","60","","","","","60","","","","","60","","","","","60","","","","","60","","","","","","","","60","","","","",""
"","61","","","","","61","","","","","61","","","","","61","","","","","61","","","","","","","","61","","","","",""
"","62","","","","","62","","","","","62","","","","","62","","","","","62","","","","","","","","62","","","","",""
"","63","","","","","63","","","","","63","","","","","63","","","","","63","","","","","","","","63","","","","",""
"","64","","","","","64","","","","","64","","","","","64","","","","","64","","","","","","","","64","","","","",""
"","65","","","","","65","","","","","65","","","","","65","","","","","65","","","","","","","","65","","","","",""
"","66","","","","","66","","","","","66","","","","","66","","","","","66","","","","","","","","66","","","","",""