"","Rank","RESA Season 18 Playersheet Rank","Value","","Team","Role","","GB (hidden ez)","","Loan Out",""
"","Smokey3121","X","140,000,000$","","Athletic Bilbao","Assistant","","No","","Free Agent",""
"","hojIuund","X","130,000,000$","","F.C Barcelona","Player","","No","","Free Agent",""
"","nepzos","X","130,000,000$","","Real Madrid C.F","Assistant","","No","","Free Agent",""
"","dannyvoetballer","X","125,000,000$","","Manchester City","Player","","No","","Free Agent",""
"","ninjisooo","X","120,000,000$","","Juventus FC","Player","","No","","Free Agent",""
"","MFSHAD","X","105,000,000$","","Borussia Dortmund","Player","","No","","Free Agent",""
"","examessi","X","100,000,000$","","F.C Bayern München","Assistant","","No","","Free Agent",""
"","cepzos","X","100,000,000$","","Inter Milan","Player","","No","","Free Agent",""
"","8Valverde","A","95,000,000$","","Manchester City","Player","","No","","Free Agent",""
"","pipojoelcrack","A","95,000,000$","","AS Monaco","Assistant","","No","","Free Agent",""
"","irineudosparanaue","A","90,000,000$","","F.C Barcelona","Assistant","","No","","Free Agent",""
"","Izuukinata","A","90,000,000$","","Inter Milan","Assistant","","No","","Free Agent",""
"","NeoxRodriguez","A","90,000,000$","","Real Madrid C.F","Assistant","","No","","Free Agent",""
"","ogb2","A","90,000,000$","","Juventus FC","Player","","No","","Free Agent",""
"","retenzu","A","90,000,000$","","Real Betis Balompié","Player","","No","","Free Agent",""
"","fazaldo","A","85,000,000$","","AC Milan","Assistant","","No","","Free Agent",""
"","smokjzzo","A","85,000,000$","","Free Agent","Player","","No","","Free Agent",""
"","CrisstobaI","A","80,000,000$","","Athletic Bilbao","Player","","No","","Free Agent",""
"","darkuiv","A","80,000,000$","","Paris Saint-Germain","Assistant","","No","","Free Agent",""
"","KingTenBr","A","80,000,000$","","Borussia Dortmund","Assistant","","No","","Free Agent",""
"","przygnebionykapa","A","80,000,000$","","Arsenal F.C","Player","","No","","Free Agent",""
"","lucasjbss","A","75,000,000$","","Liverpool F.C","Assistant","","No","","Free Agent",""
"","SonRamon","A","75,000,000$","","AC Milan","Player","","No","","Free Agent",""
"","2yooz","A","70,000,000$","","Liverpool F.C","Player","","No","","Free Agent",""
"","reigamerc","A","70,000,000$","","VFL Wolfsburg","Player","","No","","Free Agent",""
"","Iisandroo","B","65,000,000$","","Paris Saint-Germain","Player","","No","","Free Agent",""
"","kentroya","B","65,000,000$","","Athletic Bilbao","Manager","","No","","Free Agent",""
"","Nazotiy","B","65,000,000$","","F.C Bayern München","Assistant","","No","","Free Agent",""
"","smottii","B","65,000,000$","","Real Madrid C.F","Player","","No","","Free Agent",""
"","tommy33gun","B","65,000,000$","","Inter Milan","Player","","No","","Free Agent",""
"","a6nda","B","60,000,000$","","Liverpool F.C","Assistant","","No","","Free Agent",""
"","eIdibuu","B","60,000,000$","","Free Agent","Player","","GBED","","Free Agent",""
"","Idk_Scout","B","60,000,000$","","Liverpool F.C","Player","","No","","Free Agent",""
"","luukzzy","B","60,000,000$","","AC Milan","Player","","No","","Free Agent",""
"","moshu_q","B","60,000,000$","","F.C Bayern München","Player","","No","","Free Agent",""
"","yakarll","B","60,000,000$","","Free Agent","Player","","No","","Free Agent",""
"","aresefgod","B","55,000,000$","","RB Leipzig","Assistant","","No","","Free Agent",""
"","deitano","B","55,000,000$","","Real Betis Balompié","Manager","","No","","Free Agent",""
"","GigoIsLigo","B","55,000,000$","","Real Betis Balompié","Player","","No","","Free Agent",""
"","Iuczz","B","55,000,000$","","Arsenal F.C","Loan Out","","No","","Athletic Bilbao",""
"","Merknazer","B","55,000,000$","","Free Agent","Player","","GBED","","Free Agent",""
"","Q4LUNYA","B","55,000,000$","","F.C Barcelona","Assistant","","No","","Free Agent",""
"","Pionieers","B","55,000,000$","","Real Betis Balompié","Player","","No","","Free Agent",""
"","Rokessi","B","55,000,000$","","Paris Saint-Germain","Assistant","","No","","Free Agent",""
"","2296EEE","B","50,000,000$","","Arsenal F.C","Manager","","No","","Free Agent",""
"","Behrazy","B","50,000,000$","","Napoli","Loan Out","","No","","Real Betis Balompié",""
"","clumsythings","B","50,000,000$","","Girona","Player","","No","","Free Agent",""
"","coolestwilliam","B","50,000,000$","","Free Agent","Player","","No","","Free Agent",""
"","evil33pro","B","50,000,000$","","Arsenal F.C","Player","","No","","Free Agent",""
"","KittyLover29293","B","50,000,000$","","RB Leipzig","Player","","No","","Free Agent",""
"","ourmoney888","B","50,000,000$","","Free Agent","Player","","No","","Free Agent",""
"","sir_aimbot012","B","50,000,000$","","Real Sociedad","Assistant","","No","","Free Agent",""
"","svenzio","B","50,000,000$","","Real Sociedad","Player","","No","","Free Agent",""
"","UISUAI6U1","B","50,000,000$","","Borussia Dortmund","Player","","No","","Free Agent",""
"","vlahawk","B","50,000,000$","","Manchester City","Manager","","No","","Free Agent",""
"","xaIzore","B","50,000,000$","","RB Leipzig","Assistant","","No","","Free Agent",""
"","ziaderzi","B","50,000,000$","","FC Porto","Player","","No","","Free Agent",""
"","47Weirdo","B","45,000,000$","","Manchester United","Player","","No","","Free Agent",""
"","7ronaIdoo","B","45,000,000$","","Paris Saint-Germain","Player","","No","","Free Agent",""
"","agarnacho_7","B","45,000,000$","","Manchester United","Assistant","","GBED","","Free Agent",""
"","amed7104","B","45,000,000$","","Juventus FC","Manager","","No","","Free Agent",""
"","Carlorzei","B","45,000,000$","","Manchester United","Player","","No","","Free Agent",""
"","emvrre","B","45,000,000$","","Olympique Lyonnais","Player","","No","","Free Agent",""
"","EyeSolotionVx","B","45,000,000$","","AFC Ajax","Player","","No","","Free Agent",""
"","fivestarisco","B","45,000,000$","","F.C Bayern München","Player","","No","","Free Agent",""
"","frieztaa","B","45,000,000$","","Juventus FC","Player","","No","","Free Agent",""
"","hjl","B","45,000,000$","","Paris Saint-Germain","Manager","","No","","Free Agent",""
"","IISarimXI","B","45,000,000$","","Manchester United","Player","","No","","Free Agent",""
"","Elziino","B","45,000,000$","","Roma","Player","","No","","Free Agent",""
"","lukekakuu","B","45,000,000$","","AC Milan","Manager","","No","","Free Agent",""
"","Malik_Dan","B","45,000,000$","","Real Betis Balompié","Assistant","","No","","Free Agent",""
"","meteturkic","B","45,000,000$","","Free Agent","Player","","No","","Free Agent",""
"","ocelowski","B","45,000,000$","","RB Leipzig","Player","","No","","Free Agent",""
"","RobertLewandowski38","B","45,000,000$","","Crystal Palace","Manager","","No","","Free Agent",""
"","SebzqRodriguez","B","45,000,000$","","Inter Milan","Player","","No","","Free Agent",""
"","t_osen","B","45,000,000$","","Roma","Manager","","No","","Free Agent",""
"","tafeljas","B","45,000,000$","","Girona","Player","","No","","Free Agent",""
"","tris10_m","B","45,000,000$","","Free Agent","Player","","No","","Free Agent",""
"","Wintrreza","B","45,000,000$","","Crystal Palace","Player","","No","","Free Agent",""
"","yurijbss","B","45,000,000$","","Girona","Assistant","","No","","Free Agent",""
"","22FRAGG","C","40,000,000$","","AFC Ajax","Player","","No","","Free Agent",""
"","Badsiq","C","40,000,000$","","Real Sociedad","Player","","No","","Free Agent",""
"","BoldProdigy","C","40,000,000$","","Napoli","Assistant","","No","","Free Agent",""
"","eIpistolerooo","C","40,000,000$","","Borussia Dortmund","Player","","No","","Free Agent",""
"","FeltzGodXI","C","40,000,000$","","Inter Milan","Assistant","","UEFA","","Free Agent",""
"","FIashlback","C","40,000,000$","","Free Agent","Player","","No","","Free Agent",""
"","finjoshi","C","40,000,000$","","Girona","Player","","No","","Free Agent",""
"","HjaItee","C","40,000,000$","","Juventus FC","Player","","No","","Free Agent",""
"","jetixpro","C","40,000,000$","","Tottenham Hotspur","Manager","","No","","Free Agent",""
"","nunzball","C","40,000,000$","","Crystal Palace","Assistant","","UEFA","","Free Agent",""
"","origamiempresss","C","40,000,000$","","Real Sociedad","Player","","No","","Free Agent",""
"","Uzilus","C","40,000,000$","","Atalanta","Player","","No","","Free Agent",""
"","virgilvanzyrso","C","40,000,000$","","Borussia Dortmund","Player","","No","","Free Agent",""
"","xtraXII","C","40,000,000$","","F.C Bayern München","Player","","No","","Free Agent",""
"","dabillingham","C","35,000,000$","","Real Sociedad","Player","","No","","Free Agent",""
"","dansakii","C","35,000,000$","","Celta Vigo","Player","","No","","Free Agent",""
"","Emirtroyaa","C","35,000,000$","","Real Madrid C.F","Player","","UEFA","","Free Agent",""
"","ESTISAWESOME169","C","35,000,000$","","Real Sociedad","Assistant","","No","","Free Agent",""
"","eviluded","C","35,000,000$","","FC Porto","Player","","No","","Free Agent",""
"","jesuscrack50","C","35,000,000$","","Athletic Bilbao","Assistant","","No","","Free Agent",""
"","KittyLover29294","C","35,000,000$","","RB Leipzig","Player","","No","","Free Agent",""
"","koltoure","C","35,000,000$","","Napoli","Player","","GBED","","Free Agent",""
"","LHS_Acenko","C","35,000,000$","","Borussia Dortmund","Player","","No","","Free Agent",""
"","MARTlNELLI","C","35,000,000$","","F.C Bayern München","Manager","","No","","Free Agent",""
"","MilanceMile12","C","35,000,000$","","Manchester City","Player","","No","","Free Agent",""
"","retinzu","C","35,000,000$","","Real Betis Balompié","Player","","No","","Free Agent",""
"","Rufizzs","C","35,000,000$","","Free Agent","Player","","GBED","","Free Agent",""
"","Stephano_093","C","35,000,000$","","Brighton","Player","","No","","Free Agent",""
"","SuIeex","C","35,000,000$","","Arsenal F.C","Assistant","","LEAGUE","","Free Agent",""
"","Tupapachiro","C","35,000,000$","","Athletic Bilbao","Player","","No","","Free Agent",""
"","VaudevilleVillain","C","35,000,000$","","AFC Ajax","Manager","","No","","Free Agent",""
"","Vsmaqq","C","35,000,000$","","Girona","Assistant","","No","","Free Agent",""
"","WachinnGoat","C","35,000,000$","","Free Agent","Player","","GBED","","Free Agent",""
"","xeterna1","C","35,000,000$","","Olympique Lyonnais","Player","","No","","Free Agent",""
"","xfibion","C","35,000,000$","","Napoli","Player","","No","","Free Agent",""
"","Cerueno","C","30,000,000$","","Free Agent","Player","","No","","Free Agent",""
"","Clinicality","C","30,000,000$","","Free Agent","Player","","No","","Free Agent",""
"","coloxeneizee","C","30,000,000$","","Real Madrid C.F","Player","","No","","Free Agent",""
"","danie1879","C","30,000,000$","","Brighton","Player","","No","","Free Agent",""
"","dsacszpro","C","30,000,000$","","Tottenham Hotspur","Player","","No","","Free Agent",""
"","essskettiitt","C","30,000,000$","","Bayer 04 Leverkusen","Player","","No","","Free Agent",""
"","exshed","C","30,000,000$","","Manchester City","Player","","No","","Free Agent",""
"","firesinan","C","30,000,000$","","Free Agent","Player","","No","","Free Agent",""
"","gabipagabo3000","C","30,000,000$","","Atalanta","Assistant","","No","","Free Agent",""
"","haakkimi","C","30,000,000$","","Real Sociedad","Player","","GBED","","Free Agent",""
"","hutyrr","C","30,000,000$","","Arsenal F.C","Player","","No","","Free Agent",""
"","IIJake_XI","C","30,000,000$","","Napoli","Assistant","","No","","Free Agent",""
"","isaque123456677","C","30,000,000$","","VFL Wolfsburg","Player","","No","","Free Agent",""
"","Itchylfc2005","C","30,000,000$","","Napoli","Player","","No","","Free Agent",""
"","Jeremy_Zoku","C","30,000,000$","","Tottenham Hotspur","Assistant","","GBED","","Free Agent",""
"","JoeIinton","C","30,000,000$","","Manchester United","Assistant","","No","","Free Agent",""
"","Justii_n","C","30,000,000$","","Real Madrid C.F","Manager","","No","","Free Agent",""
"","kovanicic","C","30,000,000$","","Free Agent","Player","","No","","Free Agent",""
"","LimiDantoneIIi","C","30,000,000$","","Napoli","Player","","No","","Free Agent",""
"","LOUISISAWESOME169","C","30,000,000$","","Real Sociedad","Player","","No","","Free Agent",""
"","luviesta","C","30,000,000$","","Real Betis Balompié","Assistant","","No","","Free Agent",""
"","M_ailon","C","30,000,000$","","Arsenal F.C","Player","","No","","Free Agent",""
"","mathztical","C","30,000,000$","","Bayer 04 Leverkusen","Player","","No","","Free Agent",""
"","MenaceIiatons","C","30,000,000$","","AC Milan","Player","","No","","Free Agent",""
"","migueatp","C","30,000,000$","","Liverpool F.C","Player","","No","","Free Agent",""
"","mokilkopop","C","30,000,000$","","Bayer 04 Leverkusen","Player","","No","","Free Agent",""
"","puyafon","C","30,000,000$","","F.C Barcelona","Player","","No","","Free Agent",""
"","qguiIherme","C","30,000,000$","","Tottenham Hotspur","Player","","No","","Free Agent",""
"","Rippxh","C","30,000,000$","","F.C Bayern München","Player","","No","","Free Agent",""
"","Santiago813","C","30,000,000$","","Brighton","Player","","No","","Free Agent",""
"","seitano","C","30,000,000$","","Liverpool F.C","Player","","No","","Free Agent",""
"","stefanssons","C","30,000,000$","","Tottenham Hotspur","Player","","No","","Free Agent",""
"","stefiscoco","C","30,000,000$","","AS Monaco","Loan Out","","No","","Tottenham Hotspur",""
"","uncbenny","C","30,000,000$","","Real Sociedad","Player","","No","","Free Agent",""
"","Uziuqq","C","30,000,000$","","RB Leipzig","Manager","","No","","Free Agent",""
"","veIunde","C","30,000,000$","","AC Milan","Player","","No","","Free Agent",""
"","Vinxnyy","C","30,000,000$","","F.C Barcelona","Player","","No","","Free Agent",""
"","whitetiger1912","C","30,000,000$","","Free Agent","Player","","No","","Free Agent",""
"","wolokru","C","30,000,000$","","Free Agent","Player","","No","","Free Agent",""
"","zeqhyrin","C","30,000,000$","","Roma","Player","","No","","Free Agent",""
"","15Tesla1","C","25,000,000$","","AS Monaco","Player","","No","","Free Agent",""
"","agxszy","C","25,000,000$","","Girona","Player","","No","","Free Agent",""
"","ahmedmomoa","C","25,000,000$","","Brighton","Player","","No","","Free Agent",""
"","alexandderr","C","25,000,000$","","Free Agent","Player","","No","","Free Agent",""
"","asi2726","C","25,000,000$","","Crystal Palace","Player","","No","","Free Agent",""
"","Bars20087","C","25,000,000$","","Como","Player","","No","","Free Agent",""
"","bauti38err","C","25,000,000$","","Bayer 04 Leverkusen","Player","","No","","Free Agent",""
"","believant","C","25,000,000$","","Manchester United","Player","","No","","Free Agent",""
"","boiadeeiro","C","25,000,000$","","Real Madrid C.F","Player","","No","","Free Agent",""
"","bubbli","C","25,000,000$","","Free Agent","Player","","No","","Free Agent",""
"","BulutKrh52","C","25,000,000$","","Roma","Player","","No","","Free Agent",""
"","CanceIooo","C","25,000,000$","","Free Agent","Player","","No","","Free Agent",""
"","cara_futbol","C","25,000,000$","","Olympique Lyonnais","Player","","No","","Free Agent",""
"","Carlosgarvar","C","25,000,000$","","F.C Barcelona","Player","","No","","Free Agent",""
"","catetinke144","C","25,000,000$","","Como","Player","","No","","Free Agent",""
"","CauansOuedraogo","C","25,000,000$","","Manchester City","Player","","No","","Free Agent",""
"","ConstantinopleGreek","C","25,000,000$","","Arsenal F.C","Player","","LEAGUE","","Free Agent",""
"","cynosn","C","25,000,000$","","Crystal Palace","Player","","No","","Free Agent",""
"","DAMULEKPL","C","25,000,000$","","Olympique Lyonnais","Player","","No","","Free Agent",""
"","Danielpro06","C","25,000,000$","","Napoli","Player","","No","","Free Agent",""
"","Dogesinhoo","C","25,000,000$","","Celta Vigo","Loan Out","","No","","AFC Ajax",""
"","dxniellls","C","25,000,000$","","Free Agent","Assistant","","GBED","","Free Agent",""
"","ElMorfadorDeChoripan","C","25,000,000$","","Bayer 04 Leverkusen","Assistant","","No","","Free Agent",""
"","Franksank2222","C","25,000,000$","","Paris Saint-Germain","Player","","No","","Free Agent",""
"","Helziy","C","25,000,000$","","Olympique Lyonnais","Loan Out","","No","","AFC Ajax",""
"","Igor_Akinfeev35","C","25,000,000$","","Atalanta","Assistant","","No","","Free Agent",""
"","ilenikhenaa","C","25,000,000$","","Borussia Dortmund","Manager","","No","","Free Agent",""
"","ImCristianXD","C","25,000,000$","","Free Agent","Player","","No","","Free Agent",""
"","IMuhvyz","C","25,000,000$","","Atalanta","Player","","No","","Free Agent",""
"","Iuk4erzi","C","25,000,000$","","Arsenal F.C","Player","","No","","Free Agent",""
"","Jack924833","C","25,000,000$","","Athletic Bilbao","Player","","No","","Free Agent",""
"","jakenaIdo","C","25,000,000$","","Celta Vigo","Manager","","No","","Free Agent",""
"","J4xovic","C","25,000,000$","","AFC Ajax","Assistant","","No","","Free Agent",""
"","JoaKoR15","C","25,000,000$","","Atalanta","Player","","No","","Free Agent",""
"","jxviproz","C","25,000,000$","","Girona","Player","","GBED","","Free Agent",""
"","jxzyboi","C","25,000,000$","","Tottenham Hotspur","Player","","No","","Free Agent",""
"","katngha","C","25,000,000$","","Bayer 04 Leverkusen","Manager","","No","","Free Agent",""
"","KenanYiIdizz","C","25,000,000$","","Bayer 04 Leverkusen","Player","","No","","Free Agent",""
"","kluzeni","C","25,000,000$","","Crystal Palace","Player","","No","","Free Agent",""
"","Lasseboss","C","25,000,000$","","VFL Wolfsburg","Player","","No","","Free Agent",""
"","leddzst","C","25,000,000$","","FC Porto","Manager","","No","","Free Agent",""
"","lero_me","C","25,000,000$","","Atalanta","Player","","GBED","","Free Agent",""
"","Lex935","C","25,000,000$","","Olympique Lyonnais","Player","","No","","Free Agent",""
"","lGotNoWifi","C","25,000,000$","","Roma","Assistant","","No","","Free Agent",""
"","LuigiDosGameCraft","C","25,000,000$","","VFL Wolfsburg","Player","","No","","Free Agent",""
"","luisblox040909","C","25,000,000$","","AC Milan","Player","","CUP","","Free Agent",""
"","lxgendv","C","25,000,000$","","Liverpool F.C","Player","","No","","Free Agent",""
"","maraztyy","C","25,000,000$","","Marseille","Manager","","No","","Free Agent",""
"","MaruchinesuRikarudo","C","25,000,000$","","Free Agent","Player","","No","","Free Agent",""
"","mete7104","C","25,000,000$","","Manchester United","Player","","No","","Free Agent",""
"","NavidParsHakhamneshi","C","25,000,000$","","AS Monaco","Assistant","","No","","Free Agent",""
"","NickOIij","C","25,000,000$","","Roma","Player","","No","","Free Agent",""
"","OllyTheBoss","C","25,000,000$","","Manchester United","Player","","GBED","","Free Agent",""
"","pooooooooooooer","C","25,000,000$","","VFL Wolfsburg","Assistant","","No","","Free Agent",""
"","RayenITAMaster","C","25,000,000$","","Como","Manager","","No","","Free Agent",""
"","RebeIinq","C","25,000,000$","","Free Agent","Player","","No","","Free Agent",""
"","reiulent","C","25,000,000$","","Manchester City","Player","","No","","Free Agent",""
"","revaeis","C","25,000,000$","","Atalanta","Manager","","No","","Free Agent",""
"","sacchyv","C","25,000,000$","","Roma","Player","","No","","Free Agent",""
"","scarfaded","C","25,000,000$","","Paris Saint-Germain","Player","","No","","Free Agent",""
"","seriaImogger","C","25,000,000$","","AFC Ajax","Player","","No","","Free Agent",""
"","soIankee","C","25,000,000$","","AS Monaco","Player","","No","","Free Agent",""
"","Splashx321","C","25,000,000$","","Free Agent","Player","","No","","Free Agent",""
"","Spook3d","C","25,000,000$","","Crystal Palace","Player","","No","","Free Agent",""
"","STORMgiannis900","C","25,000,000$","","AFC Ajax","Player","","No","","Free Agent",""
"","UberLeo","C","25,000,000$","","Manchester United","Player","","No","","Free Agent",""
"","umutt7104","C","25,000,000$","","Como","Player","","No","","Free Agent",""
"","umutwalley","C","25,000,000$","","Crystal Palace","Player","","No","","Free Agent",""
"","wskaar","C","25,000,000$","","VFL Wolfsburg","Assistant","","No","","Free Agent",""
"","Xsamuel_Doritos34","C","25,000,000$","","Brighton","Player","","No","","Free Agent",""
"","XxPrince_YxX","C","25,000,000$","","Girona","Player","","No","","Free Agent",""
"","Xyeqe","C","25,000,000$","","Athletic Bilbao","Loan Out","","No","","Bayer 04 Leverkusen",""
"","YZYTommy","C","25,000,000$","","F.C Barcelona","Player","","No","","Free Agent",""
"","Zinrall","C","25,000,000$","","AFC Ajax","Player","","No","","Free Agent",""
"","ZodiacMat","C","25,000,000$","","Roma","Player","","No","","Free Agent",""
"","AbsalomAbstract","D","20,000,000$","","Athletic Bilbao","Player","","No","","Free Agent",""
"","bolinho123456677","D","20,000,000$","","VFL Wolfsburg","Player","","No","","Free Agent",""
"","fredocega","D","20,000,000$","","Free Agent","Player","","No","","Free Agent",""
"","LogicaHD","D","20,000,000$","","Liverpool F.C","Manager","","No","","Free Agent",""
"","OPERAISAWESOME169","D","20,000,000$","","Manchester City","Player","","No","","Free Agent",""
"","rosalocalover","D","20,000,000$","","Juventus FC","Player","","No","","Free Agent",""
"","1PLlKE140","D","15,000,000$","","Free Agent","Player","","No","","Free Agent",""
"","8gakpo","D","15,000,000$","","Manchester City","Player","","GBED","","Free Agent",""
"","aguzzj","D","15,000,000$","","Brighton","Player","","No","","Free Agent",""
"","aIisxi","D","15,000,000$","","Real Sociedad","Player","","No","","Free Agent",""
"","arbeIoa","D","15,000,000$","","Inter Milan","Player","","No","","Free Agent",""
"","Artishpro31","D","15,000,000$","","Juventus FC","Assistant","","No","","Free Agent",""
"","asd52hoho","D","15,000,000$","","AFC Ajax","Player","","GBED","","Free Agent",""
"","badiyaa","D","15,000,000$","","Real Sociedad","Player","","No","","Free Agent",""
"","Benji_Price3","D","15,000,000$","","Free Agent","Player","","No","","Free Agent",""
"","bI_ck","D","15,000,000$","","F.C Barcelona","Player","","No","","Free Agent",""
"","C3sual","D","15,000,000$","","Como","Player","","No","","Free Agent",""
"","Cineris","D","15,000,000$","","F.C Barcelona","Manager","","No","","Free Agent",""
"","CreitimDo_Grau123","D","15,000,000$","","Young Boys","Manager","","No","","Free Agent",""
"","DanielDeEgg","D","15,000,000$","","Inter Milan","Player","","No","","Free Agent",""
"","dawvii","D","15,000,000$","","RB Leipzig","Player","","No","","Free Agent",""
"","FireBBombx","D","15,000,000$","","Tottenham Hotspur","Player","","No","","Free Agent",""
"","itsslothplayz","D","15,000,000$","","Como","Player","","No","","Free Agent",""
"","kyubbz","D","15,000,000$","","AC Milan","Player","","No","","Free Agent",""
"","margoI_l","D","15,000,000$","","RSC Anderlecht","Assistant","","No","","Free Agent",""
"","MFBARCOLA","D","15,000,000$","","Napoli","Player","","No","","Free Agent",""
"","NikeBRvip10","D","15,000,000$","","VFL Wolfsburg","Manager","","No","","Free Agent",""
"","rebelvax","D","15,000,000$","","Young Boys","Player","","No","","Free Agent",""
"","shaneitoo","D","15,000,000$","","AC Milan","Player","","No","","Free Agent",""
"","Stackzify","D","15,000,000$","","Olympique Lyonnais","Manager","","No","","Free Agent",""
"","trulzo","D","15,000,000$","","Paris Saint-Germain","Player","","No","","Free Agent",""
"","vegzinho","D","15,000,000$","","Juventus FC","Player","","No","","Free Agent",""
"","zSameki","D","15,000,000$","","Real Betis Balompié","Player","","No","","Free Agent",""
"","4donnxs","D","10,000,000$","","Young Boys","Player","","No","","Free Agent",""
"","7rrakk","D","10,000,000$","","Young Boys","Player","","GBED","","Free Agent",""
"","a_deyemi","D","10,000,000$","","Free Agent","Player","","No","","Free Agent",""
"","Actikek","D","10,000,000$","","Free Agent","Player","","No","","Free Agent",""
"","akavalen","D","10,000,000$","","F.C Bayern München","Player","","CUP","","Free Agent",""
"","alanchetauu","D","10,000,000$","","F.C Barcelona","Player","","No","","Napoli",""
"","apathica","D","10,000,000$","","Real Betis Balompié","Player","","No","","Free Agent",""
"","arisumnn","D","10,000,000$","","F.C Bayern München","Player","","No","","Free Agent",""
"","bachiramegguru","D","10,000,000$","","Free Agent","Player","","GBED","","Free Agent",""
"","baIakov","D","10,000,000$","","Free Agent","Player","","No","","Free Agent",""
"","Barellinho","D","10,000,000$","","Como","Player","","No","","Free Agent",""
"","Biel261010_2","D","10,000,000$","","Real Madrid C.F","Player","","No","","Free Agent",""
"","BIoxinhooo","D","10,000,000$","","Crystal Palace","Assistant","","No","","Free Agent",""
"","BlackIsRogue","D","10,000,000$","","Bayer 04 Leverkusen","Player","","No","","Free Agent",""
"","caantona","D","10,000,000$","","Liverpool F.C","Player","","No","","Free Agent",""
"","CaioDoRoblox","D","10,000,000$","","Young Boys","Player","","No","","Free Agent",""
"","casillasproinres","D","10,000,000$","","Dinamo Zagreb","Assistant","","No","","Free Agent",""
"","cookiedark41","D","10,000,000$","","Real Sociedad","Loan Out","","No","","Young Boys",""
"","CriticalClip","D","10,000,000$","","Inter Milan","Player","","No","","Free Agent",""
"","crysty82","D","10,000,000$","","Tottenham Hotspur","Player","","GBED","","Free Agent",""
"","danieImunozz","D","10,000,000$","","Brighton","Player","","No","","Free Agent",""
"","Danishdanoooo","D","10,000,000$","","Free Agent","Player","","GBED","","Free Agent",""
"","disparru","D","10,000,000$","","F.C Barcelona","Player","","No","","Free Agent",""
"","EgyptianKing1232","D","10,000,000$","","Free Agent","Player","","No","","Free Agent",""
"","eIizte","D","10,000,000$","","Juventus FC","Loan Out","","No","","Manchester City",""
"","EIJoacooo","D","10,000,000$","","AS Monaco","Player","","No","","Free Agent",""
"","EIMachin","D","10,000,000$","","Athletic Bilbao","Player","","No","","Free Agent",""
"","endcrim","D","10,000,000$","","FC København","Manager","","No","","Free Agent",""
"","enisify","D","10,000,000$","","Celta Vigo","Player","","LEAGUE","","Free Agent",""
"","ezequielmanu","D","10,000,000$","","Real Madrid C.F","Player","","No","","Free Agent",""
"","FIazingArrow","D","10,000,000$","","Borussia Dortmund","Assistant","","No","","Free Agent",""
"","flaandre_scarlet","D","10,000,000$","","Athletic Bilbao","Player","","No","","Free Agent",""
"","Gameomg_RBLX","D","10,000,000$","","Juventus FC","Assistant","","No","","Free Agent",""
"","gamerproinres","D","10,000,000$","","Dinamo Zagreb","Manager","","No","","Free Agent",""
"","Gaxovic","D","10,000,000$","","Young Boys","Player","","No","","Free Agent",""
"","GodValenG","D","10,000,000$","","Free Agent","Player","","No","","Free Agent",""
"","golangoal","D","10,000,000$","","F.C Barcelona","Player","","No","","Free Agent",""
"","gussjrr","D","10,000,000$","","Athletic Bilbao","Player","","No","","Free Agent",""
"","harshflux","D","10,000,000$","","Athletic Bilbao","Player","","No","","Free Agent",""
"","hellbIaza","D","10,000,000$","","Free Agent","Player","","No","","Free Agent",""
"","Hrisowskii","D","10,000,000$","","Atalanta","Player","","No","","Free Agent",""
"","Humberto_4268","D","10,000,000$","","Crystal Palace","Player","","No","","Free Agent",""
"","Iechpremium","D","10,000,000$","","RB Leipzig","Player","","No","","Free Agent",""
"","IKalxdouI","D","10,000,000$","","Düsseldorf","Player","","No","","Free Agent",""
"","INTERCRAK36234","D","10,000,000$","","Free Agent","Player","","GBED","","Free Agent",""
"","IOnlySuat","D","10,000,000$","","Juventus FC","Player","","No","","Free Agent",""
"","IrnJoseph","D","10,000,000$","","Paris Saint-Germain","Player","","No","","Free Agent",""
"","ixLioMessiX","D","10,000,000$","","Tottenham Hotspur","Player","","No","","Free Agent",""
"","joacocivile","D","10,000,000$","","Free Agent","Player","","No","","Free Agent",""
"","KakaViBritannia","D","10,000,000$","","Borussia Dortmund","Player","","No","","Free Agent",""
"","Klouvzyy","D","10,000,000$","","Inter Milan","Player","","No","","Free Agent",""
"","Koolicxcte","D","10,000,000$","","Marseille","Player","","No","","Free Agent",""
"","krupxviesa","D","10,000,000$","","AS Monaco","Player","","No","","Free Agent",""
"","Luhzeriii","D","10,000,000$","","Young Boys","Player","","No","","Free Agent",""
"","LuvThatChicken","D","10,000,000$","","Manchester City","Loan Out","","No","","Girona",""
"","lzxthal","D","10,000,000$","","Free Agent","Player","","No","","Free Agent",""
"","MartinaIkishima","D","10,000,000$","","Düsseldorf","Manager","","No","","Free Agent",""
"","Mavivonoeu","D","10,000,000$","","Free Agent","Player","","GBED","","Free Agent",""
"","Mehzzi","D","10,000,000$","","F.C Barcelona","Player","","No","","Free Agent",""
"","MEMPHISCULT1945","D","10,000,000$","","Free Agent","Player","","No","","Free Agent",""
"","MigueLoXinX","D","10,000,000$","","AS Monaco","Player","","No","","Free Agent",""
"","MISHIPRAXDYT2","D","10,000,000$","","Rangers","Assistant","","No","","Free Agent",""
"","MPS_Pod","D","10,000,000$","","Paris Saint-Germain","Player","","No","","Free Agent",""
"","n7shu","D","10,000,000$","","Paris Saint-Germain","Player","","No","","Free Agent",""
"","Nwanerii","D","10,000,000$","","AC Milan","Player","","No","","Free Agent",""
"","nxchomaki","D","10,000,000$","","AS Monaco","Player","","No","","Free Agent",""
"","p3nngg9","D","10,000,000$","","Free Agent","Player","","GBED","","Free Agent",""
"","pengzinho","D","10,000,000$","","Rangers","Player","","No","","Free Agent",""
"","punzzj","D","10,000,000$","","Free Agent","Player","","GBED","","Free Agent",""
"","RamiroTHEp2","D","10,000,000$","","Dinamo Zagreb","Loan Out","","No","","Crystal Palace",""
"","RighteousEquivocate","D","10,000,000$","","AC Milan","Player","","No","","Free Agent",""
"","salshorty507","D","10,000,000$","","Free Agent","Player","","No","","Free Agent",""
"","SanAula124","D","10,000,000$","","Free Agent","Player","","No","","Free Agent",""
"","SanTser780_5","D","10,000,000$","","Schalke","Manager","","No","","Free Agent",""
"","sebasdeleon","D","10,000,000$","","Real Madrid C.F","Player","","No","","Free Agent",""
"","SergioRomero2017","D","10,000,000$","","Manchester City","Player","","No","","Free Agent",""
"","sirchonkus","D","10,000,000$","","Roma","Player","","No","","Free Agent",""
"","sounddyt","D","10,000,000$","","Girona","Manager","","No","","Free Agent",""
"","soXer_Q","D","10,000,000$","","Atalanta","Player","","No","","Free Agent",""
"","Syqxnzl","D","10,000,000$","","Manchester City","Player","","No","","Free Agent",""
"","t9shiin","D","10,000,000$","","Olympique Lyonnais","Player","","No","","Free Agent",""
"","TheAIIRounderGod","D","10,000,000$","","RSC Anderlecht","Manager","","No","","Free Agent",""
"","themightyjesse","D","10,000,000$","","Inter Milan","Player","","No","","Free Agent",""
"","THEREALMOOSEMANNN","D","10,000,000$","","Free Agent","Player","","No","","Free Agent",""
"","TheUnknownDog1","D","10,000,000$","","Schalke","Player","","No","","Free Agent",""
"","TimohaBelkaCR07","D","10,000,000$","","Free Agent","Player","","No","","Free Agent",""
"","tizongass","D","10,000,000$","","AS Monaco","Manager","","No","","Free Agent",""
"","Tufizzs","D","10,000,000$","","Arsenal F.C","Player","","No","","Free Agent",""
"","uncmusti","D","10,000,000$","","Como","Player","","No","","Free Agent",""
"","uthex","D","10,000,000$","","RB Leipzig","Player","","No","","Free Agent",""
"","vanjamilinkovicsavic","D","10,000,000$","","Free Agent","Player","","No","","Free Agent",""
"","vKxka_XI","D","10,000,000$","","Roma","Player","","No","","Free Agent",""
"","Vurelixs","D","10,000,000$","","Free Agent","Player","","No","","Free Agent",""
"","warrenzairemery","D","10,000,000$","","Free Agent","Player","","No","","Free Agent",""
"","WebHac","D","10,000,000$","","Inter Milan","Player","","No","","Free Agent",""
"","xFixLeox","D","10,000,000$","","FC Porto","Player","","GBED","","Free Agent",""
"","XxleonardodadaxX","D","10,000,000$","","Borussia Dortmund","Player","","No","","Free Agent",""
"","xYAgustinYx","D","10,000,000$","","AS Monaco","Player","","No","","Free Agent",""
"","Yordkxz","D","10,000,000$","","Free Agent","Player","","No","","Free Agent",""
"","yossefessa","D","10,000,000$","","Brighton","Player","","No","","Free Agent",""
"","youssavanier","D","10,000,000$","","Real Sociedad","Player","","No","","Free Agent",""
"","Zoomical","D","10,000,000$","","Girona","Player","","No","","Free Agent",""
"","zrk_zee","D","10,000,000$","","Real Madrid C.F","Player","","No","","Free Agent",""
"","zyArthxr","D","10,000,000$","","FC København","Player","","No","","Free Agent",""
"","zynevii","D","10,000,000$","","Marseille","Player","","No","","Free Agent",""
"","0_Benicio","D","5,000,000$","","Free Agent","Player","","No","","Free Agent",""
"","02Addo","D","5,000,000$","","Free Agent","Player","","No","","Free Agent",""
"","02dxnn","D","5,000,000$","","Free Agent","Player","","GBED","","Free Agent",""
"","06kAlan","D","5,000,000$","","Free Agent","Player","","No","","Free Agent",""
"","07uzi","D","5,000,000$","","Free Agent","Player","","No","","Free Agent",""
"","0kochaa","D","5,000,000$","","Free Agent","Player","","No","","Free Agent",""
"","0smaqsoo","D","5,000,000$","","Crystal Palace","Player","","No","","Free Agent",""
"","109davo","D","5,000,000$","","Free Agent","Player","","No","","Free Agent",""
"","1uisChilavert","D","5,000,000$","","Free Agent","Player","","No","","Free Agent",""
"","2krux","D","5,000,000$","","Free Agent","Player","","No","","Free Agent",""
"","2robz","D","5,000,000$","","Free Agent","Player","","No","","Free Agent",""
"","44bobz","D","5,000,000$","","Real Betis Balompié","Player","","No","","Free Agent",""
"","46xKuni","D","5,000,000$","","Marseille","Player","","No","","Free Agent",""
"","4oqt","D","5,000,000$","","Free Agent","Player","","No","","Free Agent",""
"","4reseet","D","5,000,000$","","Free Agent","Player","","No","","Free Agent",""
"","64pw","D","5,000,000$","","Free Agent","Player","","No","","Free Agent",""
"","66xix","D","5,000,000$","","Free Agent","Player","","No","","Free Agent",""
"","6aggio","D","5,000,000$","","Free Agent","Player","","No","","Free Agent",""
"","888wu","D","5,000,000$","","Free Agent","Player","","No","","Free Agent",""
"","9Haaaland","D","5,000,000$","","Rangers","Player","","No","","Free Agent",""
"","a9lire","D","5,000,000$","","Como","Loan Out","","No","","Napoli",""
"","AAOAOOAOA_123","D","5,000,000$","","VFL Wolfsburg","Player","","No","","Free Agent",""
"","aayankhan123","D","5,000,000$","","Free Agent","Player","","No","","Free Agent",""
"","abdodarwish","D","5,000,000$","","Marseille","Player","","No","","Free Agent",""
"","aciidify","D","5,000,000$","","Free Agent","Player","","No","","Free Agent",""
"","aconi5basket","D","5,000,000$","","Düsseldorf","Player","","No","","Free Agent",""
"","AdamXseven7","D","5,000,000$","","Free Agent","Player","","No","","Free Agent",""
"","adaptisrogue","D","5,000,000$","","Free Agent","Player","","GBED","","Free Agent",""
"","AFOSINHOROBLOX","D","5,000,000$","","Free Agent","Player","","No","","Free Agent",""
"","Aikyn2008 ","D","5,000,000$","","Free Agent","Player","","No","","Free Agent",""
"","Aimer_Mxsko","D","5,000,000$","","Free Agent","Player","","No","","Free Agent",""
"","aircIass","D","5,000,000$","","Free Agent","Player","","No","","Free Agent",""
"","akturkogIu","D","5,000,000$","","Atalanta","Player","","No","","Free Agent",""
"","ALEXANDREPARIS80","D","5,000,000$","","Free Agent","Player","","No","","Free Agent",""
"","AlinRK","D","5,000,000$","","Manchester United","Player","","No","","Free Agent",""
"","Alqueqe","D","5,000,000$","","Free Agent","Player","","No","","Free Agent",""
"","amrmalekelboss","D","5,000,000$","","Free Agent","Player","","No","","Free Agent",""
"","andrade20001","D","5,000,000$","","Schalke","Player","","No","","Free Agent",""
"","angel153642","D","5,000,000$","","Free Agent","Player","","No","","Free Agent",""
"","anissen44","D","5,000,000$","","Free Agent","Player","","No","","Free Agent",""
"","AnT_Rex13","D","5,000,000$","","Marseille","Player","","No","","Free Agent",""
"","arectiful","D","5,000,000$","","Free Agent","Player","","No","","Free Agent",""
"","AriseRevanz","D","5,000,000$","","Norwich City","Player","","No","","Free Agent",""
"","Arjune192","D","5,000,000$","","Free Agent","Player","","No","","Free Agent",""
"","Artymidiy19","D","5,000,000$","","Free Agent","Player","","No","","Free Agent",""
"","Arubaze","D","5,000,000$","","Tottenham Hotspur","Player","","No","","Free Agent",""
"","Arunnnnn","D","5,000,000$","","Free Agent","Player","","No","","Free Agent",""
"","asamuiaractioncoco","D","5,000,000$","","Düsseldorf","Player","","No","","Free Agent",""
"","Asimooo255","D","5,000,000$","","Brighton","Player","","No","","Free Agent",""
"","Atagyh","D","5,000,000$","","Free Agent","Player","","No","","Free Agent",""
"","ATFRoblox1","D","5,000,000$","","Free Agent","Player","","No","","Free Agent",""
"","ATHUSG12","D","5,000,000$","","Free Agent","Player","","No","","Free Agent",""
"","Avono_Pierce","D","5,000,000$","","Free Agent","Player","","No","","Free Agent",""
"","awakenaldo","D","5,000,000$","","Liverpool F.C","Player","","No","","Free Agent",""
"","axeIdisasii","D","5,000,000$","","Roma","Player","","No","","Free Agent",""
"","aybars7104","D","5,000,000$","","FC Porto","Player","","No","","Free Agent",""
"","aydincetinantreman","D","5,000,000$","","Como","Player","","No","","Free Agent",""
"","AytronnSenna","D","5,000,000$","","Düsseldorf","Player","","No","","Free Agent",""
"","azoctem","D","5,000,000$","","Free Agent","Player","","No","","Free Agent",""
"","babamohammedMOM","D","5,000,000$","","FC København","Player","","No","","Free Agent",""
"","Baconsprosez","D","5,000,000$","","Free Agent","Player","","GBED","","Free Agent",""
"","Baina0ala","D","5,000,000$","","Free Agent","Player","","No","","Free Agent",""
"","BanMeLmao","D","5,000,000$","","Free Agent","Player","","No","","Free Agent",""
"","barbkoumpo","D","5,000,000$","","Free Agent","Player","","No","","Free Agent",""
"","Barisinho","D","5,000,000$","","Free Agent","Player","","No","","Free Agent",""
"","BastianPrimex","D","5,000,000$","","Free Agent","Player","","No","","Free Agent",""
"","bau5z","D","5,000,000$","","Free Agent","Player","","GBED","","Free Agent",""
"","benficalovers","D","5,000,000$","","Celta Vigo","Assistant","","GBED","","Free Agent",""
"","benjazaca14321","D","5,000,000$","","Free Agent","Player","","No","","Free Agent",""
"","Bennyblanco4","D","5,000,000$","","FC Porto","Player","","No","","Paris Saint-Germain",""
"","bernardogalard0","D","5,000,000$","","FC Porto","Player","","No","","Free Agent",""
"","Bestfootballer1320","D","5,000,000$","","Free Agent","Player","","No","","Free Agent",""
"","bielsjbss","D","5,000,000$","","Marseille","Player","","No","","Free Agent",""
"","Belinghaaam","D","5,000,000$","","Marseille","Player","","No","","Free Agent",""
"","BigFrankLover","D","5,000,000$","","Free Agent","Player","","No","","Free Agent",""
"","blackmaks21","D","5,000,000$","","Free Agent","Player","","No","","Free Agent",""
"","BloodyBerin","D","5,000,000$","","Norwich City","Player","","No","","Free Agent",""
"","bodyfayed1234","D","5,000,000$","","Free Agent","Player","","No","","Free Agent",""
"","BoraDo_Grau123","D","5,000,000$","","Young Boys","Player","","No","","Free Agent",""
"","Brian0vskii","D","5,000,000$","","Free Agent","Player","","No","","Free Agent",""
"","BudderBomb45","D","5,000,000$","","Liverpool F.C","Player","","No","","Free Agent",""
"","bxdghggjj31","D","5,000,000$","","RSC Anderlecht","Player","","No","","Free Agent",""
"","bxskyy","D","5,000,000$","","FC Porto","Player","","No","","Free Agent",""
"","cakelover58","D","5,000,000$","","Juventus FC","Player","","No","","Free Agent",""
"","calebenews","D","5,000,000$","","Rangers","Player","","No","","Free Agent",""
"","camovinga","D","5,000,000$","","Free Agent","Player","","No","","Free Agent",""
"","CarascaII","D","5,000,000$","","Free Agent","Player","","No","","Free Agent",""
"","carlogramirez","D","5,000,000$","","Free Agent","Player","","No","","Free Agent",""
"","carlosOMGlike","D","5,000,000$","","Free Agent","Player","","No","","Free Agent",""
"","ch3am","D","5,000,000$","","Free Agent","Player","","No","","Free Agent",""
"","CharlesLe_simple","D","5,000,000$","","Free Agent","Player","","No","","Free Agent",""
"","chefkamikaze","D","5,000,000$","","Free Agent","Player","","No","","Free Agent",""
"","chilavert","D","5,000,000$","","AS Monaco","Player","","No","","Free Agent",""
"","chotungo","D","5,000,000$","","Free Agent","Player","","No","","Free Agent",""
"","christian_cueva8","D","5,000,000$","","Marseille","Player","","No","","Free Agent",""
"","clxnicalz_x","D","5,000,000$","","Free Agent","Player","","No","","Free Agent",""
"","cookiesvx","D","5,000,000$","","Free Agent","Player","","No","","Free Agent",""
"","coolmanww1","D","5,000,000$","","Free Agent","Player","","No","","Free Agent",""
"","CoxaDoidoFiuFiu","D","5,000,000$","","Manchester City","Player","","No","","Free Agent",""
"","CriticalLio","D","5,000,000$","","Marseille","Player","","No","","Free Agent",""
"","cubarsii","D","5,000,000$","","Paris Saint-Germain","Player","","No","","Free Agent",""
"","cuervodel1995","D","5,000,000$","","Düsseldorf","Player","","No","","Free Agent",""
"","cxzrrs","D","5,000,000$","","Athletic Bilbao","Player","","No","","Free Agent",""
"","Cyan_nyauwu","D","5,000,000$","","Free Agent","Player","","No","","Free Agent",""
"","cyanarzo","D","5,000,000$","","Free Agent","Player","","No","","Free Agent",""
"","Cycle_Youtub","D","5,000,000$","","Liverpool F.C","Player","","No","","Free Agent",""
"","Cyr0o","D","5,000,000$","","Free Agent","Player","","No","","Free Agent",""
"","danieIfly","D","5,000,000$","","Free Agent","Player","","No","","Free Agent",""
"","daniil_212","D","5,000,000$","","Free Agent","Player","","No","","Free Agent",""
"","Danilawolk0867","D","5,000,000$","","Arsenal F.C","Player","","No","","Free Agent",""
"","Dantzgoat","D","5,000,000$","","Free Agent","Player","","No","","Free Agent",""
"","Danyadubh","D","5,000,000$","","Tottenham Hotspur","Player","","No","","Free Agent",""
"","daramyy","D","5,000,000$","","Free Agent","Player","","No","","Free Agent",""
"","darixthebestmaster","D","5,000,000$","","Free Agent","Player","","No","","Free Agent",""
"","datunnnnaaa","D","5,000,000$","","Free Agent","Player","","No","","Free Agent",""
"","DaviTh278","D","5,000,000$","","Free Agent","Player","","No","","Free Agent",""
"","DegaulleGames2","D","5,000,000$","","Rangers","Player","","No","","Free Agent",""
"","DemiraII","D","5,000,000$","","Bayer 04 Leverkusen","Player","","No","","Free Agent",""
"","Dennis_Orosco10","D","5,000,000$","","Bayer 04 Leverkusen","Player","","No","","Free Agent",""
"","Destadze","D","5,000,000$","","Borussia Dortmund","Player","","No","","Free Agent",""
"","destinhho","D","5,000,000$","","Free Agent","Player","","No","","Free Agent",""
"","Destroyer1612","D","5,000,000$","","Borussia Dortmund","Player","","No","","Free Agent",""
"","Dim131","D","5,000,000$","","Rangers","Player","","LEAGUE","","Free Agent",""
"","dineifu123BR","D","5,000,000$","","VFL Wolfsburg","Player","","No","","Free Agent",""
"","Diwgo","D","5,000,000$","","Free Agent","Player","","No","","Free Agent",""
"","Dixblak1","D","5,000,000$","","Free Agent","Player","","No","","Free Agent",""
"","djelame_76","D","5,000,000$","","Free Agent","Player","","No","","Free Agent",""
"","DJMaxwell132","D","5,000,000$","","Manchester United","Player","","No","","Free Agent",""
"","dogniseeBAN","D","5,000,000$","","Free Agent","Player","","No","","Free Agent",""
"","Dogzzii","D","5,000,000$","","Free Agent","Player","","No","","Free Agent",""
"","Doyle_Lim","D","5,000,000$","","Borussia Dortmund","Player","","No","","Free Agent",""
"","DragonTwisterSword","D","5,000,000$","","Real Madrid C.F","Player","","No","","Free Agent",""
"","DrissaoZoo","D","5,000,000$","","Marseille","Player","","No","","Free Agent",""
"","duburnn","D","5,000,000$","","Free Agent","Player","","No","","Free Agent",""
"","Dxniltz","D","5,000,000$","","Free Agent","Player","","No","","Free Agent",""
"","Dxshford","D","5,000,000$","","Free Agent","Player","","No","","Free Agent",""
"","Dylan92ifr","D","5,000,000$","","Free Agent","Player","","No","","Free Agent",""
"","dznhio","D","5,000,000$","","Free Agent","Player","","No","","Free Agent",""
"","Eduardcraftim1","D","5,000,000$","","Bayer 04 Leverkusen","Player","","No","","Free Agent",""
"","Edxwards","D","5,000,000$","","Free Agent","Player","","No","","Free Agent",""
"","egereiz3256","D","5,000,000$","","AFC Ajax","Player","","No","","Free Agent",""
"","ElchuchoPerez","D","5,000,000$","","Free Agent","Player","","No","","Free Agent",""
"","elcrack1245","D","5,000,000$","","Norwich City","Manager","","No","","Free Agent",""
"","eliavl","D","5,000,000$","","Free Agent","Player","","No","","Free Agent",""
"","elkevongamer91","D","5,000,000$","","Free Agent","Player","","GBED","","Free Agent",""
"","Elsk5","D","5,000,000$","","Dinamo Zagreb","Player","","No","","Free Agent",""
"","emanuel290906","D","5,000,000$","","Free Agent","Player","","No","","Free Agent",""
"","EMKO123","D","5,000,000$","","Free Agent","Player","","No","","Free Agent",""
"","ENYELREVENTADOOOR","D","5,000,000$","","Rangers","Player","","No","","Free Agent",""
"","epicrionboy","D","5,000,000$","","Free Agent","Player","","No","","Free Agent",""
"","Erazold","D","5,000,000$","","Free Agent","Player","","No","","Free Agent",""
"","ErdoZor61","D","5,000,000$","","Free Agent","Player","","No","","Free Agent",""
"","EricRB321","D","5,000,000$","","Free Agent","Player","","No","","Free Agent",""
"","erwanobeltzzz","D","5,000,000$","","Free Agent","Player","","No","","Free Agent",""
"","esteban300132","D","5,000,000$","","Free Agent","Player","","No","","Free Agent",""
"","fabrituber720","D","5,000,000$","","Dinamo Zagreb","Player","","No","","Free Agent",""
"","Fathikong1","D","5,000,000$","","Crystal Palace","Player","","No","","Free Agent",""
"","feltharoo","D","5,000,000$","","Free Agent","Player","","No","","Free Agent",""
"","felzzr","D","5,000,000$","","Girona","Player","","No","","Free Agent",""
"","Fernandinho90","D","5,000,000$","","Free Agent","Player","","No","","Free Agent",""
"","ferrari599gt","D","5,000,000$","","Free Agent","Player","","No","","Free Agent",""
"","Filcioch","D","5,000,000$","","RB Leipzig","Player","","No","","Free Agent",""
"","filipcc12","D","5,000,000$","","Real Betis Balompié","Player","","No","","Free Agent",""
"","FinnLam","D","5,000,000$","","Free Agent","Player","","No","","Free Agent",""
"","fIorineI","D","5,000,000$","","Free Agent","Player","","No","","Free Agent",""
"","firipee","D","5,000,000$","","Atalanta","Player","","No","","Free Agent",""
"","ForisHD","D","5,000,000$","","Norwich City","Player","","GBED","","Free Agent",""
"","Francinhoo","D","5,000,000$","","Free Agent","Player","","No","","Free Agent",""
"","Fraudrian","D","5,000,000$","","AS Monaco","Player","","No","","Free Agent",""
"","freshermarrow77","D","5,000,000$","","Young Boys","Player","","No","","Free Agent",""
"","Furiousawsome","D","5,000,000$","","Free Agent","Player","","No","","Free Agent",""
"","gabiiizzy","D","5,000,000$","","Rangers","Manager","","No","","Free Agent",""
"","gabriel4560uwu","D","5,000,000$","","Dinamo Zagreb","Player","","No","","Free Agent",""
"","GalaxyLays","D","5,000,000$","","Free Agent","Player","","No","","Free Agent",""
"","Garelinho","D","5,000,000$","","Free Agent","Player","","No","","Free Agent",""
"","genjinescent","D","5,000,000$","","Borussia Dortmund","Player","","No","","Free Agent",""
"","Gentusso","D","5,000,000$","","Como","Player","","No","","Free Agent",""
"","germanlets","D","5,000,000$","","Free Agent","Player","","No","","Free Agent",""
"","gojouszn","D","5,000,000$","","Free Agent","Player","","No","","Free Agent",""
"","GokuSSGSS323","D","5,000,000$","","Dinamo Zagreb","Player","","No","","Free Agent",""
"","gokuzeiro12","D","5,000,000$","","Free Agent","Player","","No","","Free Agent",""
"","GoldinatorBat123","D","5,000,000$","","Free Agent","Player","","No","","Free Agent",""
"","grienzemann","D","5,000,000$","","FC København","Player","","No","","Free Agent",""
"","GroundLowGirl4321","D","5,000,000$","","Free Agent","Player","","No","","Free Agent",""
"","Gui1908","D","5,000,000$","","FC København","Player","","No","","Free Agent",""
"","GUTZ_09","D","5,000,000$","","Free Agent","Player","","No","","Free Agent",""
"","H_Kxkay","D","5,000,000$","","Free Agent","Player","","No","","Free Agent",""
"","h1z4n6","D","5,000,000$","","Rangers","Player","","No","","Free Agent",""
"","hadizexgaming_X","D","5,000,000$","","Paris Saint-Germain","Player","","No","","Free Agent",""
"","harmoush","D","5,000,000$","","Tottenham Hotspur","Player","","No","","Free Agent",""
"","HasHikO_PriMexS","D","5,000,000$","","FC København","Assistant","","No","","Free Agent",""
"","hashimvax","D","5,000,000$","","FC København","Player","","No","","Free Agent",""
"","hayo_yt123","D","5,000,000$","","FC Porto","Player","","No","","Free Agent",""
"","Healthyhat1","D","5,000,000$","","Norwich City","Player","","No","","Free Agent",""
"","henkaraIhoo","D","5,000,000$","","VFL Wolfsburg","Player","","No","","Free Agent",""
"","heydersaez2004","D","5,000,000$","","Free Agent","Player","","No","","Free Agent",""
"","hikezinhoo","D","5,000,000$","","Free Agent","Player","","No","","Free Agent",""
"","HittaPungaMo","D","5,000,000$","","Real Madrid C.F","Player","","No","","Free Agent",""
"","Hondaofc","D","5,000,000$","","Free Agent","Player","","No","","Free Agent",""
"","Hopedeparanaue","D","5,000,000$","","Free Agent","Player","","No","","Free Agent",""
"","HorusKingfire","D","5,000,000$","","Free Agent","Player","","No","","Free Agent",""
"","httpsyoutubecZ","D","5,000,000$","","Free Agent","Player","","No","","Free Agent",""
"","HumaniCalculator","D","5,000,000$","","Free Agent","Player","","No","","Free Agent",""
"","humidos","D","5,000,000$","","Free Agent","Player","","No","","Free Agent",""
"","HundredGalaxies","D","5,000,000$","","Free Agent","Player","","No","","Free Agent",""
"","hurriedwassabi1","D","5,000,000$","","Free Agent","Player","","No","","Free Agent",""
"","huso_masterTR","D","5,000,000$","","Free Agent","Player","","No","","Free Agent",""
"","ianisdarwin","D","5,000,000$","","Free Agent","Player","","No","","Free Agent",""
"","IDavidLIII","D","5,000,000$","","Dinamo Zagreb","Player","","No","","Free Agent",""
"","iDroowPlayer12","D","5,000,000$","","Free Agent","Player","","No","","Free Agent",""
"","Iewito","D","5,000,000$","","Free Agent","Player","","No","","Free Agent",""
"","IGiolx","D","5,000,000$","","Free Agent","Player","","No","","Free Agent",""
"","Ignite_bally","D","5,000,000$","","Free Agent","Player","","No","","Free Agent",""
"","ii_XNoCapX","D","5,000,000$","","Free Agent","Player","","No","","Free Agent",""
"","IIAIexXI","D","5,000,000$","","Free Agent","Player","","No","","Free Agent",""
"","IiBrian_AmAll","D","5,000,000$","","Free Agent","Player","","No","","Free Agent",""
"","IILowkeyXI","D","5,000,000$","","Inter Milan","Player","","No","","Free Agent",""
"","IIRushXI","D","5,000,000$","","Manchester United","Player","","No","","Free Agent",""
"","ilIshootyou","D","5,000,000$","","Free Agent","Player","","UEFA","","Free Agent",""
"","ILuisnaldo","D","5,000,000$","","Free Agent","Player","","No","","Free Agent",""
"","iluvrealsyy","D","5,000,000$","","Free Agent","Player","","No","","Free Agent",""
"","immexican33333","D","5,000,000$","","Real Betis Balompié","Player","","No","","Free Agent",""
"","ImnikXD","D","5,000,000$","","RSC Anderlecht","Player","","No","","Free Agent",""
"","IncaGoat","D","5,000,000$","","Free Agent","Player","","No","","Free Agent",""
"","invasor_voraz940","D","5,000,000$","","Young Boys","Player","","No","","Free Agent",""
"","iownmcx","D","5,000,000$","","Free Agent","Player","","No","","Free Agent",""
"","isac13579br","D","5,000,000$","","Free Agent","Player","","No","","Free Agent",""
"","ItsVillaneuvaC","D","5,000,000$","","Brighton","Player","","No","","Free Agent",""
"","iTz_SinoO","D","5,000,000$","","Schalke","Player","","No","","Free Agent",""
"","ItzLil_Petran","D","5,000,000$","","Free Agent","Player","","No","","Free Agent",""
"","Itzxnt","D","5,000,000$","","Free Agent","Player","","No","","Free Agent",""
"","ixhaq","D","5,000,000$","","Brighton","Player","","No","","Free Agent",""
"","IxMxanny","D","5,000,000$","","Free Agent","Player","","No","","Free Agent",""
"","iz_kloodi","D","5,000,000$","","Crystal Palace","Player","","No","","Free Agent",""
"","J0RXD","D","5,000,000$","","Free Agent","Player","","No","","Free Agent",""
"","j4nchez","D","5,000,000$","","Free Agent","Player","","No","","Free Agent",""
"","Jacob_Defender","D","5,000,000$","","Free Agent","Player","","No","","Free Agent",""
"","Jakethepig87","D","5,000,000$","","RSC Anderlecht","Assistant","","GBED","","Free Agent",""
"","jakub8278","D","5,000,000$","","Free Agent","Player","","GBED","","Free Agent",""
"","jareerio","D","5,000,000$","","Olympique Lyonnais","Assistant","","No","","Free Agent",""
"","Jaxadcrye","D","5,000,000$","","Napoli","Player","","No","","Free Agent",""
"","Jenlon54","D","5,000,000$","","Brighton","Assistant","","No","","Free Agent",""
"","jenlon55","D","5,000,000$","","Brighton","Player","","No","","Free Agent",""
"","Jeolahhh","D","5,000,000$","","Free Agent","Player","","No","","Free Agent",""
"","jerrlets","D","5,000,000$","","Free Agent","Player","","GBED","","Free Agent",""
"","jessnaldo","D","5,000,000$","","Como","Player","","No","","Free Agent",""
"","jesus2980ye","D","5,000,000$","","Free Agent","Player","","GBED","","Free Agent",""
"","wzrried","D","5,000,000$","","FC København","Player","","No","","Free Agent",""
"","jkiller","D","5,000,000$","","FC Porto","Player","","No","","Free Agent",""
"","JONHCENA38","D","5,000,000$","","Free Agent","Player","","No","","Free Agent",""
"","jorgedani","D","5,000,000$","","Free Agent","Player","","No","","Free Agent",""
"","JoseSnayder","D","5,000,000$","","FC København","Player","","No","","Free Agent",""
"","josh_stylis","D","5,000,000$","","Free Agent","Player","","No","","Free Agent",""
"","Joshlect","D","5,000,000$","","Free Agent","Player","","No","","Free Agent",""
"","JosipTheKing2020","D","5,000,000$","","RSC Anderlecht","Player","","No","","Free Agent",""
"","JosmellGamers","D","5,000,000$","","Free Agent","Player","","No","","Free Agent",""
"","jouni2911","D","5,000,000$","","F.C Barcelona","Player","","No","","Free Agent",""
"","jroman_8","D","5,000,000$","","Free Agent","Player","","No","","Free Agent",""
"","juan810j","D","5,000,000$","","Free Agent","Player","","GBED","","Free Agent",""
"","juanbr198","D","5,000,000$","","Free Agent","Player","","No","","Free Agent",""
"","JuanDavPAhe","D","5,000,000$","","Norwich City","Player","","No","","Free Agent",""
"","Juuikk","D","5,000,000$","","Free Agent","Player","","No","","Free Agent",""
"","Jxrious","D","5,000,000$","","Free Agent","Player","","No","","Free Agent",""
"","Kaan012548","D","5,000,000$","","Free Agent","Player","","No","","Free Agent",""
"","kahlezi","D","5,000,000$","","Free Agent","Player","","No","","Free Agent",""
"","Kaimook_TH123","D","5,000,000$","","RSC Anderlecht","Player","","No","","Free Agent",""
"","Kaladze","D","5,000,000$","","Free Agent","Player","","No","","Free Agent",""
"","kamotodog","D","5,000,000$","","Düsseldorf","Player","","No","","Free Agent",""
"","Kapsar01","D","5,000,000$","","Free Agent","Player","","No","","Free Agent",""
"","kayjat4឵","D","5,000,000$","","Free Agent","Player","","No","","Free Agent",""
"","keavencia","D","5,000,000$","","Free Agent","Player","","No","","Free Agent",""
"","KemaIAhmet","D","5,000,000$","","Free Agent","Player","","No","","Free Agent",""
"","kevindebruyen11","D","5,000,000$","","Düsseldorf","Player","","No","","Free Agent",""
"","kevinwithstars","D","5,000,000$","","Free Agent","Player","","No","","Free Agent",""
"","Khojent","D","5,000,000$","","Paris Saint-Germain","Player","","No","","Free Agent",""
"","kidokuchazo","D","5,000,000$","","Brighton","Player","","No","","Free Agent",""
"","killerbeeisbestoday","D","5,000,000$","","Free Agent","Player","","No","","Free Agent",""
"","KillerPro1927","D","5,000,000$","","Free Agent","Player","","No","","Free Agent",""
"","KingJohnn0","D","5,000,000$","","Free Agent","Player","","No","","Free Agent",""
"","kmainoo","D","5,000,000$","","Free Agent","Player","","No","","Free Agent",""
"","koal_second","D","5,000,000$","","Atalanta","Player","","No","","Free Agent",""
"","kostkaev","D","5,000,000$","","Free Agent","Player","","No","","Free Agent",""
"","KRO_Quin","D","5,000,000$","","Free Agent","Player","","No","","Free Agent",""
"","ksacszpro","D","5,000,000$","","Free Agent","Player","","GBED","","Free Agent",""
"","kurvax","D","5,000,000$","","Free Agent","Player","","No","","Free Agent",""
"","Kvzowski","D","5,000,000$","","Girona","Player","","No","","Free Agent",""
"","Kylian_McFrappa","D","5,000,000$","","Schalke","Player","","No","","Free Agent",""
"","Kzidowski","D","5,000,000$","","Free Agent","Player","","No","","Free Agent",""
"","L3gend_SyR0x","D","5,000,000$","","Free Agent","Player","","No","","Free Agent",""
"","Lakierkes","D","5,000,000$","","F.C Bayern München","Player","","No","","Free Agent",""
"","larry_maguire","D","5,000,000$","","Free Agent","Player","","No","","Free Agent",""
"","lastdisco","D","5,000,000$","","Free Agent","Player","","No","","Free Agent",""
"","lau5da","D","5,000,000$","","Liverpool F.C","Player","","No","","Free Agent",""
"","Lazare67","D","5,000,000$","","Como","Player","","No","","Free Agent",""
"","Le_ThugDuBled","D","5,000,000$","","Free Agent","Player","","No","","Free Agent",""
"","LeProFrancais89","D","5,000,000$","","Free Agent","Player","","No","","Free Agent",""
"","LimitedDeception","D","5,000,000$","","RSC Anderlecht","Player","","No","","Free Agent",""
"","LinguisaFazbearGummy","D","5,000,000$","","Free Agent","Player","","No","","Free Agent",""
"","liojmmn","D","5,000,000$","","Free Agent","Player","","No","","Free Agent",""
"","lionel46pro","D","5,000,000$","","Free Agent","Player","","GBED","","Free Agent",""
"","liorzei","D","5,000,000$","","Free Agent","Player","","GBED","","Free Agent",""
"","LitOmonic","D","5,000,000$","","Real Sociedad","Player","","No","","Free Agent",""
"","liverpoolBVB","D","5,000,000$","","Como","Player","","No","","Free Agent",""
"","LlllllolXD","D","5,000,000$","","Free Agent","Player","","No","","Free Agent",""
"","lofusei","D","5,000,000$","","Free Agent","Player","","No","","Free Agent",""
"","lolenxen","D","5,000,000$","","Paris Saint-Germain","Player","","No","","Free Agent",""
"","lolololol1264","D","5,000,000$","","Real Sociedad","Player","","No","","Free Agent",""
"","LordOfTheTon7","D","5,000,000$","","Free Agent","Player","","No","","Free Agent",""
"","lorentora","D","5,000,000$","","Free Agent","Player","","No","","Free Agent",""
"","lsmiAli","D","5,000,000$","","Atalanta","Player","","No","","Free Agent",""
"","lsonicalx","D","5,000,000$","","Free Agent","Player","","No","","Free Agent",""
"","LucasBergvaII","D","5,000,000$","","Schalke","Assistant","","No","","Free Agent",""
"","lucastonyx","D","5,000,000$","","Free Agent","Player","","No","","Free Agent",""
"","LuckyzTroopz","D","5,000,000$","","AC Milan","Player","","CUP","","Free Agent",""
"","Lukaovic","D","5,000,000$","","Free Agent","Player","","No","","Free Agent",""
"","lukizyx","D","5,000,000$","","Celta Vigo","Player","","No","","Free Agent",""
"","LuNatsuLu","D","5,000,000$","","Free Agent","Player","","No","","Free Agent",""
"","LVRAFLEUZE","D","5,000,000$","","Free Agent","Player","","No","","Free Agent",""
"","Lyrical_Phoenix","D","5,000,000$","","Borussia Dortmund","Player","","No","","Free Agent",""
"","lythienvuong2k3","D","5,000,000$","","Free Agent","Player","","No","","Free Agent",""
"","m_rtusinn","D","5,000,000$","","Free Agent","Player","","No","","Free Agent",""
"","M0ryach0k11","D","5,000,000$","","Free Agent","Player","","No","","Free Agent",""
"","magicalzindix","D","5,000,000$","","Free Agent","Player","","No","","Free Agent",""
"","MAHMOGAMER","D","5,000,000$","","VFL Wolfsburg","Player","","No","","Free Agent",""
"","ManLikeStam","D","5,000,000$","","F.C Barcelona","Player","","No","","Free Agent",""
"","Mannerheim940","D","5,000,000$","","Norwich City","Player","","No","","Free Agent",""
"","MarcoDEMONIOOO21312","D","5,000,000$","","RSC Anderlecht","Player","","No","","Free Agent",""
"","marianoycamila08","D","5,000,000$","","Free Agent","Player","","No","","Free Agent",""
"","mariodz102","D","5,000,000$","","Real Betis Balompié","Player","","No","","Free Agent",""
"","mateiryan","D","5,000,000$","","F.C Bayern München","Player","","No","","Free Agent",""
"","mateqx1","D","5,000,000$","","Free Agent","Player","","No","","Free Agent",""
"","matgame972","D","5,000,000$","","Free Agent","Player","","No","","Free Agent",""
"","matiasperuanoxd","D","5,000,000$","","Free Agent","Player","","No","","Free Agent",""
"","Maximo_2016","D","5,000,000$","","Bayer 04 Leverkusen","Player","","No","","Free Agent",""
"","MaxMakoShark","D","5,000,000$","","Free Agent","Player","","UEFA","","Free Agent",""
"","melozaria","D","5,000,000$","","Manchester City","Player","","No","","Free Agent",""
"","Memorientes","D","5,000,000$","","Juventus FC","Player","","No","","Free Agent",""
"","MESKA_YT","D","5,000,000$","","Marseille","Player","","No","","Free Agent",""
"","michell_2011","D","5,000,000$","","Free Agent","Player","","No","","Free Agent",""
"","michiestaa","D","5,000,000$","","Free Agent","Player","","No","","Free Agent",""
"","Mike20188","D","5,000,000$","","Free Agent","Player","","No","","Free Agent",""
"","miljan637","D","5,000,000$","","Roma","Assistant","","No","","Free Agent",""
"","MK1zl","D","5,000,000$","","Free Agent","Player","","No","","Free Agent",""
"","MO129195","D","5,000,000$","","Olympique Lyonnais","Player","","No","","Free Agent",""
"","modenphrog","D","5,000,000$","","Free Agent","Player","","No","","Free Agent",""
"","MohamedSaidBenrahma","D","5,000,000$","","Free Agent","Player","","No","","Free Agent",""
"","Mohascred","D","5,000,000$","","Free Agent","Player","","GBED","","Free Agent",""
"","moIochuk","D","5,000,000$","","Free Agent","Player","","No","","Free Agent",""
"","monahinho","D","5,000,000$","","Free Agent","Player","","No","","Free Agent",""
"","MonkiSeb","D","5,000,000$","","Free Agent","Player","","No","<","Free Agent",""
"","MoonYaps","D","5,000,000$","","Free Agent","Player","","No","","Free Agent",""
"","Mounstan","D","5,000,000$","","RSC Anderlecht","Assistant","","No","","Free Agent",""
"","MrDamDan","D","5,000,000$","","Young Boys","Assistant","","No","","Free Agent",""
"","Mrender0110","D","5,000,000$","","Düsseldorf","Assistant","","No","","Free Agent",""
"","MrHiko_Yt","D","5,000,000$","","FC København","Player","","No","","Free Agent",""
"","mrucce","D","5,000,000$","","Free Agent","Player","","No","","Free Agent",""
"","MRXabdoX","D","5,000,000$","","Brighton","Player","","No","","Free Agent",""
"","mutawkel1","D","5,000,000$","","Free Agent","Player","","No","","Free Agent",""
"","MxIongo","D","5,000,000$","","Free Agent","Player","","No","","Free Agent",""
"","Naijelu","D","5,000,000$","","Free Agent","Player","","No","","Free Agent",""
"","naim_76","D","5,000,000$","","Marseille","Assistant","","No","","Free Agent",""
"","NarutoNamikaze5890","D","5,000,000$","","Free Agent","Player","","No","","Free Agent",""
"","necker1","D","5,000,000$","","Dinamo Zagreb","Player","","No","","Free Agent",""
"","Nero_Kawaii","D","5,000,000$","","Free Agent","Player","","No","","Free Agent",""
"","7M","D","5,000,000$","","Marseille","Player","","No","","Free Agent",""
"","nicoIobarella","D","5,000,000$","","Free Agent","Player","","No","","Free Agent",""
"","NicolasMT23","D","5,000,000$","","Free Agent","Player","","No","","Free Agent",""
"","nikdinii","D","5,000,000$","","RSC Anderlecht","Player","","No","","Free Agent",""
"","Nikokall","D","5,000,000$","","Norwich City","Player","","GBED","","Free Agent",""
"","niovc","D","5,000,000$","","FC Porto","Assistant","","No","","Free Agent",""
"","NootinatorBat123","D","5,000,000$","","Free Agent","Player","","No","","Free Agent",""
"","nsuo456","D","5,000,000$","","Real Madrid C.F","Player","","No","","Free Agent",""
"","nxrutti","D","5,000,000$","","Düsseldorf","Player","","LEAGUE","","Free Agent",""
"","o4600sa","D","5,000,000$","","Free Agent","Player","","No","","Free Agent",""
"","offbanes","D","5,000,000$","","Olympique Lyonnais","Assistant","","No","","Free Agent",""
"","oldmandomi","D","5,000,000$","","Free Agent","Player","","No","","Free Agent",""
"","OmarOuf_2","D","5,000,000$","","Rangers","Loan Out","","No","","Juventus FC",""
"","OnepunchZv","D","5,000,000$","","Free Agent","Player","","No","","Free Agent",""
"","oscarvrc","D","5,000,000$","","Free Agent","Player","","No","","Free Agent",""
"","danieeIz","D","5,000,000$","","Dinamo Zagreb","Assistant","","GBED","","Free Agent",""
"","othniel2007","D","5,000,000$","","FC Porto","Player","","No","","Free Agent",""
"","Padman1000","D","5,000,000$","","Olympique Lyonnais","Player","","No","","Free Agent",""
"","Painshinratensei","D","5,000,000$","","Free Agent","Player","","No","","Free Agent",""
"","panda140820","D","5,000,000$","","Free Agent","Player","","No","","Free Agent",""
"","papucraft_43","D","5,000,000$","","Dinamo Zagreb","Player","","No","","Free Agent",""
"","PasitaRodriguez","D","5,000,000$","","Tottenham Hotspur","Player","","No","","Free Agent",""
"","PeacefulSiva","D","5,000,000$","","Norwich City","Player","","No","","Free Agent",""
"","PedriGonzalez","D","5,000,000$","","Real Madrid C.F","Player","","No","","Free Agent",""
"","PEDROLERIGOLO","D","5,000,000$","","Young Boys","Player","","GBED","","Free Agent",""
"","Pedroshot_Gaming","D","5,000,000$","","Schalke","Player","","No","","Free Agent",""
"","PeitXVIII","D","5,000,000$","","Free Agent","Player","","No","","Free Agent",""
"","personaje23236","D","5,000,000$","","Inter Milan","Player","","GBED","","Free Agent",""
"","peruano122","D","5,000,000$","","Atalanta","Player","","No","","Free Agent",""
"","pIaatini","D","","","Free Agent","Player","","No","","Free Agent",""
"","Pinbappe","D","5,000,000$","","Free Agent","Player","","GBED","","Free Agent",""
"","pinguinitotroll","D","5,000,000$","","Free Agent","Player","","No","","Free Agent",""
"","PitbuIIEnraivado","D","5,000,000$","","Rangers","Assistant","","No","","Free Agent",""
"","plaetini","D","5,000,000$","","Free Agent","Player","","No","","Free Agent",""
"","Planovac","D","5,000,000$","","Schalke","Player","","No","","Free Agent",""
"","platinum20007","D","5,000,000$","","Free Agent","Player","","No","","Free Agent",""
"","playgamepvp2","D","5,000,000$","","Free Agent","Player","","No","","Free Agent",""
"","PLOKOLOL_BROTHER5","D","5,000,000$","","Arsenal F.C","Assistant","","No","","Free Agent",""
"","POLSKAFUTBOL","D","5,000,000$","","F.C Barcelona","Player","","No","","Free Agent",""
"","preytic","D","5,000,000$","","Manchester United","Player","","No","","Free Agent",""
"","ProCiba099_009","D","5,000,000$","","Celta Vigo","Player","","No","","Free Agent",""
"","Pula23333","D","5,000,000$","","Free Agent","Player","","No","","Free Agent",""
"","punchlife1","D","5,000,000$","","Manchester United","Player","","No","","Free Agent",""
"","qatariaen","D","5,000,000$","","FC København","Player","","No","","Free Agent",""
"","R3scerns","D","5,000,000$","","Crystal Palace","Player","","No","","Free Agent",""
"","Raaahim7","D","5,000,000$","","Free Agent","Player","","No","","Free Agent",""
"","RaceBuu","D","5,000,000$","","Free Agent","Player","","No","","Free Agent",""
"","Raminhosgames","D","5,000,000$","","Free Agent","Player","","No","","Free Agent",""
"","Raphlna","D","5,000,000$","","FC Porto","Assistant","","No","","Free Agent",""
"","raspyextreme","D","5,000,000$","","Free Agent","Player","","No","","Free Agent",""
"","raulandrei0000","D","5,000,000$","","Rangers","Player","","No","","Free Agent",""
"","RealDanTDMGamerTV","D","5,000,000$","","Real Sociedad","Manager","","No","","Free Agent",""
"","RedHoomanYT","D","5,000,000$","","Free Agent","Player","","No","","Free Agent",""
"","reedoro","D","5,000,000$","","Liverpool F.C","Player","","No","","Free Agent",""
"","renaattoo10","D","5,000,000$","","Brighton","Assistant","","No","","Free Agent",""
"","Renoh0207","D","5,000,000$","","Free Agent","Player","","No","","Free Agent",""
"","ResilientScout","D","5,000,000$","","Free Agent","Player","","No","","Free Agent",""
"","RiyadKMahrez","D","5,000,000$","","Free Agent","Player","","GBED","","Free Agent",""
"","Rm8w","D","5,000,000$","","Schalke","Assistant","","No","","Free Agent",""
"","roarchaki2402","D","5,000,000$","","Dinamo Zagreb","Player","","No","","Free Agent",""
"","Robin_Alpca","D","5,000,000$","","Free Agent","Player","","No","","Free Agent",""
"","RobloSalade","D","5,000,000$","","Norwich City","Assistant","","No","","Free Agent",""
"","RobloxScripterDevLua","D","5,000,000$","","Como","Player","","No","","Free Agent",""
"","ROBLOXSENSIBLENOOB","D","5,000,000$","","Free Agent","Player","","No","","Free Agent",""
"","rocha90","D","5,000,000$","","Rangers","Loan Out","","No","","Napoli",""
"","RodrigoElPro777RG","D","5,000,000$","","Free Agent","Player","","No","","Free Agent",""
"","Ronbon99","D","5,000,000$","","Free Agent","Player","","No","","Free Agent",""
"","rondalejj","D","5,000,000$","","Free Agent","Player","","No","","Free Agent",""
"","Ronzii","D","5,000,000$","","Free Agent","Player","","No","","Free Agent",""
"","roxodoshadownoob21","D","5,000,000$","","Free Agent","Player","","GBED","","Free Agent",""
"","ruxel_gamerpro","D","5,000,000$","","Schalke","Player","","LEAGUE","","Free Agent",""
"","RvbMoose","D","5,000,000$","","Free Agent","Player","","No","","Free Agent",""
"","RxckFrost","D","5,000,000$","","Free Agent","Player","","No","","Free Agent",""
"","rykiraa","D","5,000,000$","","Free Agent","Player","","No","","Free Agent",""
"","s_yva","D","5,000,000$","","Free Agent","Player","","No","","Free Agent",""
"","SalOpsz","D","5,000,000$","","Free Agent","Player","","No","","Free Agent",""
"","SalQuender","D","5,000,000$","","Borussia Dortmund","Player","","No","","Free Agent",""
"","SamueItx","D","5,000,000$","","Marseille","Player","","No","","Free Agent",""
"","samuelsj23","D","5,000,000$","","Free Agent","Player","","No","","Free Agent",""
"","satriaperwira","D","5,000,000$","","Free Agent","Player","","No","","Free Agent",""
"","sbatibo09","D","5,000,000$","","Bayer 04 Leverkusen","Assistant","","No","","Free Agent",""
"","scot0000000","D","5,000,000$","","Free Agent","Player","","No","","Free Agent",""
"","sebbvetteI","D","5,000,000$","","Free Agent","Player","","No","","Free Agent",""
"","SECONDACCOUNT_SOUP","D","5,000,000$","","Celta Vigo","Player","","No","","Free Agent",""
"","Semkokozluca3","D","5,000,000$","","Free Agent","Player","","No","","Free Agent",""
"","SerpzCustos","D","5,000,000$","","Free Agent","Player","","No","","Free Agent",""
"","ShadowDefenderXII","D","5,000,000$","","Free Agent","Player","","No","","Free Agent",""
"","ShadowzyHDYT","D","5,000,000$","","Free Agent","Player","","No","","Free Agent",""
"","ShawnxMonaco","D","5,000,000$","","Free Agent","Player","","No","","Free Agent",""
"","ShazArcalis","D","5,000,000$","","Inter Milan","Player","","No","","Free Agent",""
"","Shoto750","D","5,000,000$","","Free Agent","Player","","No","","Free Agent",""
"","Shotz_28","D","5,000,000$","","Dinamo Zagreb","Player","","No","","Free Agent",""
"","shuubero","D","5,000,000$","","Inter Milan","Player","","No","","Crystal Palace",""
"","sincerelyjays","D","5,000,000$","","Free Agent","Player","","No","","Free Agent",""
"","SixityTime","D","5,000,000$","","RSC Anderlecht","Player","","No","","Free Agent",""
"","SkitIsRogue","D","5,000,000$","","Free Agent","Player","","No","","Free Agent",""
"","slimankles","D","5,000,000$","","Free Agent","Player","","No","","Free Agent",""
"","smokopiorun","D","5,000,000$","","RB Leipzig","Player","","No","","Free Agent",""
"","soIskajaer","D","5,000,000$","","Tottenham Hotspur","Assistant","","No","","Free Agent",""
"","Solitaire_Loup","D","5,000,000$","","Free Agent","Player","","No","","Free Agent",""
"","SonVictxrr","D","5,000,000$","","Free Agent","Player","","No","","Free Agent",""
"","soyelhombremorado300","D","5,000,000$","","Düsseldorf","Assistant","","No","","Free Agent",""
"","Spac0wski","D","5,000,000$","","Free Agent","Player","","No","","Free Agent",""
"","spartsui","D","5,000,000$","","Liverpool F.C","Player","","No","","Free Agent",""
"","Speedyzv","D","5,000,000$","","Schalke","Player","","No","","Free Agent",""
"","sper4nzaa","D","5,000,000$","","Celta Vigo","Player","","No","","Free Agent",""
"","spider_jr23","D","5,000,000$","","Manchester City","Player","","No","","Free Agent",""
"","SteadyFreddie31","D","5,000,000$","","Juventus FC","Player","","No","","Free Agent",""
"","Stefcaii","D","5,000,000$","","Free Agent","Player","","No","","Free Agent",""
"","Stefdino","D","5,000,000$","","Tottenham Hotspur","Player","","No","","Free Agent",""
"","stevizzo","D","5,000,000$","","Free Agent","Player","","No","","Free Agent",""
"","stjepogame","D","5,000,000$","","Bayer 04 Leverkusen","Player","","No","","Free Agent",""
"","superboys121","D","5,000,000$","","Brighton","Player","","No","","Free Agent",""
"","SUPERGAMERkaua","D","5,000,000$","","Free Agent","Player","","No","","Free Agent",""
"","superHaloxd","D","5,000,000$","","Real Madrid C.F","Player","","No","","Free Agent",""
"","SuperSharkUwU","D","5,000,000$","","Free Agent","Player","","No","","Free Agent",""
"","Sw1ftDx","D","5,000,000$","","Napoli","Manager","","No","","Free Agent",""
"","swightiger10","D","5,000,000$","","Free Agent","Player","","No","","Free Agent",""
"","Synicalz_x","D","5,000,000$","","Schalke","Player","","No","","Free Agent",""
"","szyluv","D","5,000,000$","","Olympique Lyonnais","Player","","No","","Free Agent",""
"","TerminatorBat123","D","5,000,000$","","Manchester United","Player","","No","","Free Agent",""
"","terno23344","D","5,000,000$","","Dinamo Zagreb","Player","","No","","Free Agent",""
"","The_Zomboss47","D","5,000,000$","","Real Betis Balompié","Player","","No","","Free Agent",""
"","TheKoumpo","D","5,000,000$","","Free Agent","Player","","No","","Free Agent",""
"","TheMonsterDat","D","5,000,000$","","Free Agent","Player","","No","","Free Agent",""
"","theshadracker","D","5,000,000$","","Free Agent","Player","","No","","Free Agent",""
"","thewoo5back","D","5,000,000$","","Marseille","Player","","No","","Free Agent",""
"","theworfer","D","5,000,000$","","Norwich City","Player","","No","","Free Agent",""
"","thiagoated","D","5,000,000$","","Free Agent","Player","","No","","Free Agent",""
"","thiifosh","D","5,000,000$","","Celta Vigo","Player","","No","","Free Agent",""
"","tinzzzjsuisderetour","D","5,000,000$","","Free Agent","Player","","No","","Free Agent",""
"","tobbid","D","5,000,000$","","Celta Vigo","Player","","No","","Free Agent",""
"","tomer1114","D","5,000,000$","","Free Agent","Player","","No","","Free Agent",""
"","TOTOROBOT56","D","5,000,000$","","Free Agent","Player","","No","","Free Agent",""
"","triiveia","D","5,000,000$","","Free Agent","Player","","No","","Free Agent",""
"","trovao16","D","5,000,000$","","Free Agent","Player","","No","","Free Agent",""
"","trtremir0077","D","5,000,000$","","Olympique Lyonnais","Player","","No","","Free Agent",""
"","TsekInPuo","D","5,000,000$","","Free Agent","Player","","No","","Free Agent",""
"","TTV_RU5HY","D","5,000,000$","","Bayer 04 Leverkusen","Player","","No","","Free Agent",""
"","Tudor1337","D","5,000,000$","","Free Agent","Player","","No","","Free Agent",""
"","twistza","D","5,000,000$","","Free Agent","Player","","No","","Free Agent",""
"","Tylerisready11","D","5,000,000$","","Free Agent","Player","","No","","Free Agent",""
"","TyrellMalacla","D","5,000,000$","","Free Agent","Player","","No","","Free Agent",""
"","uazeed","D","5,000,000$","","Free Agent","Retired Uncle","","No","","Free Agent",""
"","UchihaGen4ik","D","5,000,000$","","AC Milan","Player","","No","","Free Agent",""
"","UN55171418","D","5,000,000$","","Free Agent","Player","","No","","Free Agent",""
"","uncekaw","D","5,000,000$","","Juventus FC","Player","","No","","Free Agent",""
"","UniversaIities","D","5,000,000$","","Brighton","Manager","","No","","Free Agent",""
"","vadimkapolyakov","D","5,000,000$","","Girona","Player","","No","","Free Agent",""
"","Vadnmka","D","5,000,000$","","Free Agent","Player","","No","","Free Agent",""
"","ValennqRodriguez","D","5,000,000$","","Athletic Bilbao","Player","","No","","Free Agent",""
"","vandebeek_6","D","5,000,000$","","Free Agent","Player","","No","","Free Agent",""
"","vanqersie","D","5,000,000$","","Free Agent","Player","","No","","Free Agent",""
"","vhyzxk","D","5,000,000$","","Free Agent","Player","","No","","Free Agent",""
"","VIahavic","D","5,000,000$","","Free Agent","Player","","No","","Free Agent",""
"","Victor32377mpj","D","5,000,000$","","RB Leipzig","Player","","No","","Free Agent",""
"","Villehenia","D","5,000,000$","","Celta Vigo","Player","","No","","Free Agent",""
"","vladimirboss","D","5,000,000$","","Free Agent","Player","","No","","Free Agent",""
"","vorraxz","D","5,000,000$","","FC Porto","Player","","No","","Free Agent",""
"","VoteDeniedX","D","5,000,000$","","Liverpool F.C","Player","","No","","Free Agent",""
"","vRonaIdo","D","5,000,000$","","Free Agent","Player","","No","","Free Agent",""
"","Vukrane","D","5,000,000$","","Free Agent","Player","","No","","Free Agent",""
"","vventoo","D","5,000,000$","","AS Monaco","Player","","No","","Free Agent",""
"","vxrwiesta","D","5,000,000$","","Celta Vigo","Player","","No","","Free Agent",""
"","vxzrrs","D","5,000,000$","","FC København","Player","","No","","Free Agent",""
"","vxzsantana","D","5,000,000$","","Free Agent","Player","","No","","Free Agent",""
"","wardinator619","D","5,000,000$","","Free Agent","Player","","No","","Free Agent",""
"","WATBEETLE","D","5,000,000$","","Free Agent","Player","","No","","Free Agent",""
"","William1pa0","D","5,000,000$","","Young Boys","Assistant","","No","","Free Agent",""
"","WillingXWING2","D","5,000,000$","","Marseille","Player","","No","","Free Agent",""
"","WindyBye","D","5,000,000$","","Young Boys","Player","","No","","Free Agent",""
"","wIxcyy","D","5,000,000$","","Free Agent","Player","","No","","Free Agent",""
"","wOkamiii","D","5,000,000$","","Free Agent","Player","","No","","Free Agent",""
"","worrde","D","5,000,000$","","Norwich City","Player","","No","","Free Agent",""
"","xelerezz","D","5,000,000$","","Free Agent","Player","","No","","Free Agent",""
"","XenoSuperEscalibur","D","5,000,000$","","Free Agent","Player","","No","","Free Agent",""
"","XIIDeiveIIX","D","5,000,000$","","Free Agent","Player","","No","","Free Agent",""
"","xineci","D","5,000,000$","","Free Agent","Player","","No","","Free Agent",""
"","Xklzyy","D","5,000,000$","","Free Agent","Player","","No","","Free Agent",""
"","XxlvGodGokuXxlV","D","5,000,000$","","Manchester City","Player","","No","","Free Agent",""
"","XxOdellTheGamerXx1","D","5,000,000$","","Free Agent","Player","","No","","Free Agent",""
"","xxProGamer777xx","D","5,000,000$","","Free Agent","Player","","No","","Free Agent",""
"","XxxTh3D4rkxxX","D","5,000,000$","","Free Agent","Player","","No","","Free Agent",""
"","Y_Knappe","D","5,000,000$","","AS Monaco","Player","","No","","Free Agent",""
"","yakauchi","D","5,000,000$","","Free Agent","Player","","No","","Free Agent",""
"","yeahneczek","D","5,000,000$","","Free Agent","Player","","No","","Free Agent",""
"","Ymazing1","D","5,000,000$","","Free Agent","Player","","No","","Free Agent",""
"","youna1234","D","5,000,000$","","Free Agent","Player","","No","","Free Agent",""
"","yuka_stream77","D","5,000,000$","","Free Agent","Player","","No","","Free Agent",""
"","Yunami27X","D","5,000,000$","","Free Agent","Player","","No","","Free Agent",""
"","yvresi","D","5,000,000$","","Free Agent","Player","","No","","Free Agent",""
"","ZaeIouss","D","5,000,000$","","Inter Milan","Manager","","No","","Free Agent",""
"","zaketti","D","5,000,000$","","AC Milan","Player","","No","","Free Agent",""
"","zanepwr","D","5,000,000$","","Free Agent","Player","","No","","Free Agent",""
"","zerix_360","D","5,000,000$","","AS Monaco","Player","","No","","Free Agent",""
"","zieIinskiii","D","5,000,000$","","Schalke","Player","","No","","Free Agent",""
"","zlatanbad","D","5,000,000$","","Free Agent","Player","","No","","Free Agent",""
"","zoeehu","D","5,000,000$","","Arsenal F.C","Loan Out","","No","","Olympique Lyonnais",""
"","ZoroP24","D","5,000,000$","","Free Agent","Player","","GBED","","Free Agent",""
"","Zynuei_x","D","5,000,000$","","Como","Player","","GBED","","Free Agent",""